-- phpMyAdmin SQL Dump
-- version 5.2.1
-- https://www.phpmyadmin.net/
--
-- Servidor: localhost
-- Tiempo de generación: 04-05-2026 a las 03:28:00
-- Versión del servidor: 10.4.28-MariaDB
-- Versión de PHP: 8.0.28

SET SQL_MODE = "NO_AUTO_VALUE_ON_ZERO";
START TRANSACTION;
SET time_zone = "+00:00";


/*!40101 SET @OLD_CHARACTER_SET_CLIENT=@@CHARACTER_SET_CLIENT */;
/*!40101 SET @OLD_CHARACTER_SET_RESULTS=@@CHARACTER_SET_RESULTS */;
/*!40101 SET @OLD_COLLATION_CONNECTION=@@COLLATION_CONNECTION */;
/*!40101 SET NAMES utf8mb4 */;

--
-- Base de datos: `estadio_boletos`
--

-- --------------------------------------------------------

--
-- Estructura de tabla para la tabla `Asientos`
--

CREATE TABLE `Asientos` (
  `id_asiento` int(11) NOT NULL,
  `id_evento` varchar(50) DEFAULT NULL,
  `id_categoria` int(11) NOT NULL,
  `fila` int(11) NOT NULL,
  `columna` int(11) NOT NULL,
  `estado` varchar(20) DEFAULT 'disponible'
) ENGINE=InnoDB DEFAULT CHARSET=utf8mb4 COLLATE=utf8mb4_general_ci;

--
-- Volcado de datos para la tabla `Asientos`
--

INSERT INTO `Asientos` (`id_asiento`, `id_evento`, `id_categoria`, `fila`, `columna`, `estado`) VALUES
(1, 'EVT-001', 1, 0, 0, 'Vendido'),
(2, 'EVT-002', 1, 0, 0, 'Disponible'),
(3, 'EVT-003', 1, 0, 0, 'Disponible'),
(4, 'EVT-004', 1, 0, 0, 'Disponible'),
(5, 'EVT-005', 1, 0, 0, 'Disponible'),
(6, 'EVT-006', 1, 0, 0, 'Disponible'),
(7, 'EVT-007', 1, 0, 0, 'Disponible'),
(8, 'EVT-001', 1, 1, 0, 'Disponible'),
(9, 'EVT-002', 1, 1, 0, 'Disponible'),
(10, 'EVT-003', 1, 1, 0, 'Disponible'),
(11, 'EVT-004', 1, 1, 0, 'Disponible'),
(12, 'EVT-005', 1, 1, 0, 'Disponible'),
(13, 'EVT-006', 1, 1, 0, 'Disponible'),
(14, 'EVT-007', 1, 1, 0, 'Disponible'),
(15, 'EVT-001', 2, 2, 0, 'Disponible'),
(16, 'EVT-002', 2, 2, 0, 'Disponible'),
(17, 'EVT-003', 2, 2, 0, 'Disponible'),
(18, 'EVT-004', 2, 2, 0, 'Disponible'),
(19, 'EVT-005', 2, 2, 0, 'Disponible'),
(20, 'EVT-006', 2, 2, 0, 'Disponible'),
(21, 'EVT-007', 2, 2, 0, 'Disponible'),
(22, 'EVT-001', 2, 3, 0, 'Disponible'),
(23, 'EVT-002', 2, 3, 0, 'Disponible'),
(24, 'EVT-003', 2, 3, 0, 'Disponible'),
(25, 'EVT-004', 2, 3, 0, 'Disponible'),
(26, 'EVT-005', 2, 3, 0, 'Disponible'),
(27, 'EVT-006', 2, 3, 0, 'Disponible'),
(28, 'EVT-007', 2, 3, 0, 'Disponible'),
(29, 'EVT-001', 2, 4, 0, 'Disponible'),
(30, 'EVT-002', 2, 4, 0, 'Disponible'),
(31, 'EVT-003', 2, 4, 0, 'Disponible'),
(32, 'EVT-004', 2, 4, 0, 'Disponible'),
(33, 'EVT-005', 2, 4, 0, 'Disponible'),
(34, 'EVT-006', 2, 4, 0, 'Disponible'),
(35, 'EVT-007', 2, 4, 0, 'Disponible'),
(36, 'EVT-001', 3, 5, 0, 'Disponible'),
(37, 'EVT-002', 3, 5, 0, 'Disponible'),
(38, 'EVT-003', 3, 5, 0, 'Disponible'),
(39, 'EVT-004', 3, 5, 0, 'Disponible'),
(40, 'EVT-005', 3, 5, 0, 'Disponible'),
(41, 'EVT-006', 3, 5, 0, 'Disponible'),
(42, 'EVT-007', 3, 5, 0, 'Disponible'),
(43, 'EVT-001', 3, 6, 0, 'Disponible'),
(44, 'EVT-002', 3, 6, 0, 'Disponible'),
(45, 'EVT-003', 3, 6, 0, 'Disponible'),
(46, 'EVT-004', 3, 6, 0, 'Disponible'),
(47, 'EVT-005', 3, 6, 0, 'Disponible'),
(48, 'EVT-006', 3, 6, 0, 'Disponible'),
(49, 'EVT-007', 3, 6, 0, 'Disponible'),
(50, 'EVT-001', 3, 7, 0, 'Disponible'),
(51, 'EVT-002', 3, 7, 0, 'Disponible'),
(52, 'EVT-003', 3, 7, 0, 'Disponible'),
(53, 'EVT-004', 3, 7, 0, 'Disponible'),
(54, 'EVT-005', 3, 7, 0, 'Disponible'),
(55, 'EVT-006', 3, 7, 0, 'Disponible'),
(56, 'EVT-007', 3, 7, 0, 'Disponible'),
(57, 'EVT-001', 3, 8, 0, 'Disponible'),
(58, 'EVT-002', 3, 8, 0, 'Disponible'),
(59, 'EVT-003', 3, 8, 0, 'Disponible'),
(60, 'EVT-004', 3, 8, 0, 'Disponible'),
(61, 'EVT-005', 3, 8, 0, 'Disponible'),
(62, 'EVT-006', 3, 8, 0, 'Disponible'),
(63, 'EVT-007', 3, 8, 0, 'Disponible'),
(64, 'EVT-001', 3, 9, 0, 'Disponible'),
(65, 'EVT-002', 3, 9, 0, 'Disponible'),
(66, 'EVT-003', 3, 9, 0, 'Disponible'),
(67, 'EVT-004', 3, 9, 0, 'Disponible'),
(68, 'EVT-005', 3, 9, 0, 'Disponible'),
(69, 'EVT-006', 3, 9, 0, 'Disponible'),
(70, 'EVT-007', 3, 9, 0, 'Disponible'),
(71, 'EVT-001', 1, 0, 1, 'Disponible'),
(72, 'EVT-002', 1, 0, 1, 'Disponible'),
(73, 'EVT-003', 1, 0, 1, 'Disponible'),
(74, 'EVT-004', 1, 0, 1, 'Disponible'),
(75, 'EVT-005', 1, 0, 1, 'Disponible'),
(76, 'EVT-006', 1, 0, 1, 'Disponible'),
(77, 'EVT-007', 1, 0, 1, 'Disponible'),
(78, 'EVT-001', 1, 1, 1, 'Disponible'),
(79, 'EVT-002', 1, 1, 1, 'Disponible'),
(80, 'EVT-003', 1, 1, 1, 'Disponible'),
(81, 'EVT-004', 1, 1, 1, 'Disponible'),
(82, 'EVT-005', 1, 1, 1, 'Disponible'),
(83, 'EVT-006', 1, 1, 1, 'Disponible'),
(84, 'EVT-007', 1, 1, 1, 'Disponible'),
(85, 'EVT-001', 2, 2, 1, 'Disponible'),
(86, 'EVT-002', 2, 2, 1, 'Disponible'),
(87, 'EVT-003', 2, 2, 1, 'Disponible'),
(88, 'EVT-004', 2, 2, 1, 'Disponible'),
(89, 'EVT-005', 2, 2, 1, 'Disponible'),
(90, 'EVT-006', 2, 2, 1, 'Disponible'),
(91, 'EVT-007', 2, 2, 1, 'Disponible'),
(92, 'EVT-001', 2, 3, 1, 'Disponible'),
(93, 'EVT-002', 2, 3, 1, 'Disponible'),
(94, 'EVT-003', 2, 3, 1, 'Disponible'),
(95, 'EVT-004', 2, 3, 1, 'Disponible'),
(96, 'EVT-005', 2, 3, 1, 'Disponible'),
(97, 'EVT-006', 2, 3, 1, 'Disponible'),
(98, 'EVT-007', 2, 3, 1, 'Disponible'),
(99, 'EVT-001', 2, 4, 1, 'Disponible'),
(100, 'EVT-002', 2, 4, 1, 'Disponible'),
(101, 'EVT-003', 2, 4, 1, 'Disponible'),
(102, 'EVT-004', 2, 4, 1, 'Disponible'),
(103, 'EVT-005', 2, 4, 1, 'Disponible'),
(104, 'EVT-006', 2, 4, 1, 'Disponible'),
(105, 'EVT-007', 2, 4, 1, 'Disponible'),
(106, 'EVT-001', 3, 5, 1, 'Disponible'),
(107, 'EVT-002', 3, 5, 1, 'Disponible'),
(108, 'EVT-003', 3, 5, 1, 'Disponible'),
(109, 'EVT-004', 3, 5, 1, 'Disponible'),
(110, 'EVT-005', 3, 5, 1, 'Disponible'),
(111, 'EVT-006', 3, 5, 1, 'Disponible'),
(112, 'EVT-007', 3, 5, 1, 'Disponible'),
(113, 'EVT-001', 3, 6, 1, 'Disponible'),
(114, 'EVT-002', 3, 6, 1, 'Disponible'),
(115, 'EVT-003', 3, 6, 1, 'Disponible'),
(116, 'EVT-004', 3, 6, 1, 'Disponible'),
(117, 'EVT-005', 3, 6, 1, 'Disponible'),
(118, 'EVT-006', 3, 6, 1, 'Disponible'),
(119, 'EVT-007', 3, 6, 1, 'Disponible'),
(120, 'EVT-001', 3, 7, 1, 'Disponible'),
(121, 'EVT-002', 3, 7, 1, 'Disponible'),
(122, 'EVT-003', 3, 7, 1, 'Disponible'),
(123, 'EVT-004', 3, 7, 1, 'Disponible'),
(124, 'EVT-005', 3, 7, 1, 'Disponible'),
(125, 'EVT-006', 3, 7, 1, 'Disponible'),
(126, 'EVT-007', 3, 7, 1, 'Disponible'),
(127, 'EVT-001', 3, 8, 1, 'Disponible'),
(128, 'EVT-002', 3, 8, 1, 'Disponible'),
(129, 'EVT-003', 3, 8, 1, 'Disponible'),
(130, 'EVT-004', 3, 8, 1, 'Disponible'),
(131, 'EVT-005', 3, 8, 1, 'Disponible'),
(132, 'EVT-006', 3, 8, 1, 'Disponible'),
(133, 'EVT-007', 3, 8, 1, 'Disponible'),
(134, 'EVT-001', 3, 9, 1, 'Disponible'),
(135, 'EVT-002', 3, 9, 1, 'Disponible'),
(136, 'EVT-003', 3, 9, 1, 'Disponible'),
(137, 'EVT-004', 3, 9, 1, 'Disponible'),
(138, 'EVT-005', 3, 9, 1, 'Disponible'),
(139, 'EVT-006', 3, 9, 1, 'Disponible'),
(140, 'EVT-007', 3, 9, 1, 'Disponible'),
(141, 'EVT-001', 1, 0, 2, 'Disponible'),
(142, 'EVT-002', 1, 0, 2, 'Disponible'),
(143, 'EVT-003', 1, 0, 2, 'Disponible'),
(144, 'EVT-004', 1, 0, 2, 'Disponible'),
(145, 'EVT-005', 1, 0, 2, 'Disponible'),
(146, 'EVT-006', 1, 0, 2, 'Disponible'),
(147, 'EVT-007', 1, 0, 2, 'Disponible'),
(148, 'EVT-001', 1, 1, 2, 'Disponible'),
(149, 'EVT-002', 1, 1, 2, 'Disponible'),
(150, 'EVT-003', 1, 1, 2, 'Disponible'),
(151, 'EVT-004', 1, 1, 2, 'Disponible'),
(152, 'EVT-005', 1, 1, 2, 'Disponible'),
(153, 'EVT-006', 1, 1, 2, 'Disponible'),
(154, 'EVT-007', 1, 1, 2, 'Disponible'),
(155, 'EVT-001', 2, 2, 2, 'Disponible'),
(156, 'EVT-002', 2, 2, 2, 'Disponible'),
(157, 'EVT-003', 2, 2, 2, 'Disponible'),
(158, 'EVT-004', 2, 2, 2, 'Disponible'),
(159, 'EVT-005', 2, 2, 2, 'Disponible'),
(160, 'EVT-006', 2, 2, 2, 'Disponible'),
(161, 'EVT-007', 2, 2, 2, 'Disponible'),
(162, 'EVT-001', 2, 3, 2, 'Disponible'),
(163, 'EVT-002', 2, 3, 2, 'Disponible'),
(164, 'EVT-003', 2, 3, 2, 'Disponible'),
(165, 'EVT-004', 2, 3, 2, 'Disponible'),
(166, 'EVT-005', 2, 3, 2, 'Disponible'),
(167, 'EVT-006', 2, 3, 2, 'Disponible'),
(168, 'EVT-007', 2, 3, 2, 'Disponible'),
(169, 'EVT-001', 2, 4, 2, 'Disponible'),
(170, 'EVT-002', 2, 4, 2, 'Disponible'),
(171, 'EVT-003', 2, 4, 2, 'Disponible'),
(172, 'EVT-004', 2, 4, 2, 'Disponible'),
(173, 'EVT-005', 2, 4, 2, 'Disponible'),
(174, 'EVT-006', 2, 4, 2, 'Disponible'),
(175, 'EVT-007', 2, 4, 2, 'Disponible'),
(176, 'EVT-001', 3, 5, 2, 'Disponible'),
(177, 'EVT-002', 3, 5, 2, 'Disponible'),
(178, 'EVT-003', 3, 5, 2, 'Disponible'),
(179, 'EVT-004', 3, 5, 2, 'Disponible'),
(180, 'EVT-005', 3, 5, 2, 'Disponible'),
(181, 'EVT-006', 3, 5, 2, 'Disponible'),
(182, 'EVT-007', 3, 5, 2, 'Disponible'),
(183, 'EVT-001', 3, 6, 2, 'Disponible'),
(184, 'EVT-002', 3, 6, 2, 'Disponible'),
(185, 'EVT-003', 3, 6, 2, 'Disponible'),
(186, 'EVT-004', 3, 6, 2, 'Disponible'),
(187, 'EVT-005', 3, 6, 2, 'Disponible'),
(188, 'EVT-006', 3, 6, 2, 'Disponible'),
(189, 'EVT-007', 3, 6, 2, 'Disponible'),
(190, 'EVT-001', 3, 7, 2, 'Disponible'),
(191, 'EVT-002', 3, 7, 2, 'Disponible'),
(192, 'EVT-003', 3, 7, 2, 'Disponible'),
(193, 'EVT-004', 3, 7, 2, 'Disponible'),
(194, 'EVT-005', 3, 7, 2, 'Disponible'),
(195, 'EVT-006', 3, 7, 2, 'Disponible'),
(196, 'EVT-007', 3, 7, 2, 'Disponible'),
(197, 'EVT-001', 3, 8, 2, 'Disponible'),
(198, 'EVT-002', 3, 8, 2, 'Disponible'),
(199, 'EVT-003', 3, 8, 2, 'Disponible'),
(200, 'EVT-004', 3, 8, 2, 'Disponible'),
(201, 'EVT-005', 3, 8, 2, 'Disponible'),
(202, 'EVT-006', 3, 8, 2, 'Disponible'),
(203, 'EVT-007', 3, 8, 2, 'Disponible'),
(204, 'EVT-001', 3, 9, 2, 'Disponible'),
(205, 'EVT-002', 3, 9, 2, 'Disponible'),
(206, 'EVT-003', 3, 9, 2, 'Disponible'),
(207, 'EVT-004', 3, 9, 2, 'Disponible'),
(208, 'EVT-005', 3, 9, 2, 'Disponible'),
(209, 'EVT-006', 3, 9, 2, 'Disponible'),
(210, 'EVT-007', 3, 9, 2, 'Disponible'),
(211, 'EVT-001', 1, 0, 3, 'Disponible'),
(212, 'EVT-002', 1, 0, 3, 'Disponible'),
(213, 'EVT-003', 1, 0, 3, 'Disponible'),
(214, 'EVT-004', 1, 0, 3, 'Disponible'),
(215, 'EVT-005', 1, 0, 3, 'Disponible'),
(216, 'EVT-006', 1, 0, 3, 'Disponible'),
(217, 'EVT-007', 1, 0, 3, 'Disponible'),
(218, 'EVT-001', 1, 1, 3, 'Disponible'),
(219, 'EVT-002', 1, 1, 3, 'Disponible'),
(220, 'EVT-003', 1, 1, 3, 'Disponible'),
(221, 'EVT-004', 1, 1, 3, 'Disponible'),
(222, 'EVT-005', 1, 1, 3, 'Disponible'),
(223, 'EVT-006', 1, 1, 3, 'Disponible'),
(224, 'EVT-007', 1, 1, 3, 'Disponible'),
(225, 'EVT-001', 2, 2, 3, 'Disponible'),
(226, 'EVT-002', 2, 2, 3, 'Disponible'),
(227, 'EVT-003', 2, 2, 3, 'Disponible'),
(228, 'EVT-004', 2, 2, 3, 'Disponible'),
(229, 'EVT-005', 2, 2, 3, 'Disponible'),
(230, 'EVT-006', 2, 2, 3, 'Disponible'),
(231, 'EVT-007', 2, 2, 3, 'Disponible'),
(232, 'EVT-001', 2, 3, 3, 'Disponible'),
(233, 'EVT-002', 2, 3, 3, 'Disponible'),
(234, 'EVT-003', 2, 3, 3, 'Disponible'),
(235, 'EVT-004', 2, 3, 3, 'Disponible'),
(236, 'EVT-005', 2, 3, 3, 'Disponible'),
(237, 'EVT-006', 2, 3, 3, 'Disponible'),
(238, 'EVT-007', 2, 3, 3, 'Disponible'),
(239, 'EVT-001', 2, 4, 3, 'Disponible'),
(240, 'EVT-002', 2, 4, 3, 'Disponible'),
(241, 'EVT-003', 2, 4, 3, 'Disponible'),
(242, 'EVT-004', 2, 4, 3, 'Disponible'),
(243, 'EVT-005', 2, 4, 3, 'Disponible'),
(244, 'EVT-006', 2, 4, 3, 'Disponible'),
(245, 'EVT-007', 2, 4, 3, 'Disponible'),
(246, 'EVT-001', 3, 5, 3, 'Disponible'),
(247, 'EVT-002', 3, 5, 3, 'Disponible'),
(248, 'EVT-003', 3, 5, 3, 'Disponible'),
(249, 'EVT-004', 3, 5, 3, 'Disponible'),
(250, 'EVT-005', 3, 5, 3, 'Disponible'),
(251, 'EVT-006', 3, 5, 3, 'Disponible'),
(252, 'EVT-007', 3, 5, 3, 'Disponible'),
(253, 'EVT-001', 3, 6, 3, 'Disponible'),
(254, 'EVT-002', 3, 6, 3, 'Disponible'),
(255, 'EVT-003', 3, 6, 3, 'Disponible'),
(256, 'EVT-004', 3, 6, 3, 'Disponible'),
(257, 'EVT-005', 3, 6, 3, 'Disponible'),
(258, 'EVT-006', 3, 6, 3, 'Disponible'),
(259, 'EVT-007', 3, 6, 3, 'Disponible'),
(260, 'EVT-001', 3, 7, 3, 'Disponible'),
(261, 'EVT-002', 3, 7, 3, 'Disponible'),
(262, 'EVT-003', 3, 7, 3, 'Disponible'),
(263, 'EVT-004', 3, 7, 3, 'Disponible'),
(264, 'EVT-005', 3, 7, 3, 'Disponible'),
(265, 'EVT-006', 3, 7, 3, 'Disponible'),
(266, 'EVT-007', 3, 7, 3, 'Disponible'),
(267, 'EVT-001', 3, 8, 3, 'Vendido'),
(268, 'EVT-002', 3, 8, 3, 'Disponible'),
(269, 'EVT-003', 3, 8, 3, 'Disponible'),
(270, 'EVT-004', 3, 8, 3, 'Disponible'),
(271, 'EVT-005', 3, 8, 3, 'Disponible'),
(272, 'EVT-006', 3, 8, 3, 'Disponible'),
(273, 'EVT-007', 3, 8, 3, 'Disponible'),
(274, 'EVT-001', 3, 9, 3, 'Vendido'),
(275, 'EVT-002', 3, 9, 3, 'Disponible'),
(276, 'EVT-003', 3, 9, 3, 'Disponible'),
(277, 'EVT-004', 3, 9, 3, 'Disponible'),
(278, 'EVT-005', 3, 9, 3, 'Disponible'),
(279, 'EVT-006', 3, 9, 3, 'Disponible'),
(280, 'EVT-007', 3, 9, 3, 'Disponible'),
(281, 'EVT-001', 1, 0, 4, 'Disponible'),
(282, 'EVT-002', 1, 0, 4, 'Disponible'),
(283, 'EVT-003', 1, 0, 4, 'Disponible'),
(284, 'EVT-004', 1, 0, 4, 'Disponible'),
(285, 'EVT-005', 1, 0, 4, 'Disponible'),
(286, 'EVT-006', 1, 0, 4, 'Disponible'),
(287, 'EVT-007', 1, 0, 4, 'Disponible'),
(288, 'EVT-001', 1, 1, 4, 'Vendido'),
(289, 'EVT-002', 1, 1, 4, 'Disponible'),
(290, 'EVT-003', 1, 1, 4, 'Disponible'),
(291, 'EVT-004', 1, 1, 4, 'Disponible'),
(292, 'EVT-005', 1, 1, 4, 'Disponible'),
(293, 'EVT-006', 1, 1, 4, 'Disponible'),
(294, 'EVT-007', 1, 1, 4, 'Disponible'),
(295, 'EVT-001', 2, 2, 4, 'Disponible'),
(296, 'EVT-002', 2, 2, 4, 'Disponible'),
(297, 'EVT-003', 2, 2, 4, 'Disponible'),
(298, 'EVT-004', 2, 2, 4, 'Disponible'),
(299, 'EVT-005', 2, 2, 4, 'Disponible'),
(300, 'EVT-006', 2, 2, 4, 'Disponible'),
(301, 'EVT-007', 2, 2, 4, 'Disponible'),
(302, 'EVT-001', 2, 3, 4, 'Disponible'),
(303, 'EVT-002', 2, 3, 4, 'Disponible'),
(304, 'EVT-003', 2, 3, 4, 'Disponible'),
(305, 'EVT-004', 2, 3, 4, 'Disponible'),
(306, 'EVT-005', 2, 3, 4, 'Disponible'),
(307, 'EVT-006', 2, 3, 4, 'Disponible'),
(308, 'EVT-007', 2, 3, 4, 'Disponible'),
(309, 'EVT-001', 2, 4, 4, 'Disponible'),
(310, 'EVT-002', 2, 4, 4, 'Disponible'),
(311, 'EVT-003', 2, 4, 4, 'Disponible'),
(312, 'EVT-004', 2, 4, 4, 'Disponible'),
(313, 'EVT-005', 2, 4, 4, 'Disponible'),
(314, 'EVT-006', 2, 4, 4, 'Disponible'),
(315, 'EVT-007', 2, 4, 4, 'Disponible'),
(316, 'EVT-001', 3, 5, 4, 'Disponible'),
(317, 'EVT-002', 3, 5, 4, 'Disponible'),
(318, 'EVT-003', 3, 5, 4, 'Disponible'),
(319, 'EVT-004', 3, 5, 4, 'Disponible'),
(320, 'EVT-005', 3, 5, 4, 'Disponible'),
(321, 'EVT-006', 3, 5, 4, 'Disponible'),
(322, 'EVT-007', 3, 5, 4, 'Disponible'),
(323, 'EVT-001', 3, 6, 4, 'Disponible'),
(324, 'EVT-002', 3, 6, 4, 'Disponible'),
(325, 'EVT-003', 3, 6, 4, 'Disponible'),
(326, 'EVT-004', 3, 6, 4, 'Disponible'),
(327, 'EVT-005', 3, 6, 4, 'Disponible'),
(328, 'EVT-006', 3, 6, 4, 'Disponible'),
(329, 'EVT-007', 3, 6, 4, 'Disponible'),
(330, 'EVT-001', 3, 7, 4, 'Disponible'),
(331, 'EVT-002', 3, 7, 4, 'Disponible'),
(332, 'EVT-003', 3, 7, 4, 'Disponible'),
(333, 'EVT-004', 3, 7, 4, 'Disponible'),
(334, 'EVT-005', 3, 7, 4, 'Disponible'),
(335, 'EVT-006', 3, 7, 4, 'Disponible'),
(336, 'EVT-007', 3, 7, 4, 'Disponible'),
(337, 'EVT-001', 3, 8, 4, 'Disponible'),
(338, 'EVT-002', 3, 8, 4, 'Disponible'),
(339, 'EVT-003', 3, 8, 4, 'Disponible'),
(340, 'EVT-004', 3, 8, 4, 'Disponible'),
(341, 'EVT-005', 3, 8, 4, 'Disponible'),
(342, 'EVT-006', 3, 8, 4, 'Disponible'),
(343, 'EVT-007', 3, 8, 4, 'Disponible'),
(344, 'EVT-001', 3, 9, 4, 'Vendido'),
(345, 'EVT-002', 3, 9, 4, 'Disponible'),
(346, 'EVT-003', 3, 9, 4, 'Disponible'),
(347, 'EVT-004', 3, 9, 4, 'Disponible'),
(348, 'EVT-005', 3, 9, 4, 'Disponible'),
(349, 'EVT-006', 3, 9, 4, 'Disponible'),
(350, 'EVT-007', 3, 9, 4, 'Disponible'),
(351, 'EVT-001', 1, 0, 5, 'Disponible'),
(352, 'EVT-002', 1, 0, 5, 'Disponible'),
(353, 'EVT-003', 1, 0, 5, 'Disponible'),
(354, 'EVT-004', 1, 0, 5, 'Disponible'),
(355, 'EVT-005', 1, 0, 5, 'Disponible'),
(356, 'EVT-006', 1, 0, 5, 'Disponible'),
(357, 'EVT-007', 1, 0, 5, 'Disponible'),
(358, 'EVT-001', 1, 1, 5, 'Disponible'),
(359, 'EVT-002', 1, 1, 5, 'Disponible'),
(360, 'EVT-003', 1, 1, 5, 'Disponible'),
(361, 'EVT-004', 1, 1, 5, 'Disponible'),
(362, 'EVT-005', 1, 1, 5, 'Disponible'),
(363, 'EVT-006', 1, 1, 5, 'Disponible'),
(364, 'EVT-007', 1, 1, 5, 'Disponible'),
(365, 'EVT-001', 2, 2, 5, 'Disponible'),
(366, 'EVT-002', 2, 2, 5, 'Disponible'),
(367, 'EVT-003', 2, 2, 5, 'Disponible'),
(368, 'EVT-004', 2, 2, 5, 'Disponible'),
(369, 'EVT-005', 2, 2, 5, 'Disponible'),
(370, 'EVT-006', 2, 2, 5, 'Disponible'),
(371, 'EVT-007', 2, 2, 5, 'Disponible'),
(372, 'EVT-001', 2, 3, 5, 'Disponible'),
(373, 'EVT-002', 2, 3, 5, 'Disponible'),
(374, 'EVT-003', 2, 3, 5, 'Disponible'),
(375, 'EVT-004', 2, 3, 5, 'Disponible'),
(376, 'EVT-005', 2, 3, 5, 'Disponible'),
(377, 'EVT-006', 2, 3, 5, 'Disponible'),
(378, 'EVT-007', 2, 3, 5, 'Disponible'),
(379, 'EVT-001', 2, 4, 5, 'Disponible'),
(380, 'EVT-002', 2, 4, 5, 'Disponible'),
(381, 'EVT-003', 2, 4, 5, 'Disponible'),
(382, 'EVT-004', 2, 4, 5, 'Disponible'),
(383, 'EVT-005', 2, 4, 5, 'Disponible'),
(384, 'EVT-006', 2, 4, 5, 'Disponible'),
(385, 'EVT-007', 2, 4, 5, 'Disponible'),
(386, 'EVT-001', 3, 5, 5, 'Disponible'),
(387, 'EVT-002', 3, 5, 5, 'Disponible'),
(388, 'EVT-003', 3, 5, 5, 'Disponible'),
(389, 'EVT-004', 3, 5, 5, 'Disponible'),
(390, 'EVT-005', 3, 5, 5, 'Disponible'),
(391, 'EVT-006', 3, 5, 5, 'Disponible'),
(392, 'EVT-007', 3, 5, 5, 'Disponible'),
(393, 'EVT-001', 3, 6, 5, 'Disponible'),
(394, 'EVT-002', 3, 6, 5, 'Disponible'),
(395, 'EVT-003', 3, 6, 5, 'Disponible'),
(396, 'EVT-004', 3, 6, 5, 'Disponible'),
(397, 'EVT-005', 3, 6, 5, 'Disponible'),
(398, 'EVT-006', 3, 6, 5, 'Disponible'),
(399, 'EVT-007', 3, 6, 5, 'Disponible'),
(400, 'EVT-001', 3, 7, 5, 'Disponible'),
(401, 'EVT-002', 3, 7, 5, 'Disponible'),
(402, 'EVT-003', 3, 7, 5, 'Disponible'),
(403, 'EVT-004', 3, 7, 5, 'Disponible'),
(404, 'EVT-005', 3, 7, 5, 'Disponible'),
(405, 'EVT-006', 3, 7, 5, 'Disponible'),
(406, 'EVT-007', 3, 7, 5, 'Disponible'),
(407, 'EVT-001', 3, 8, 5, 'Disponible'),
(408, 'EVT-002', 3, 8, 5, 'Disponible'),
(409, 'EVT-003', 3, 8, 5, 'Disponible'),
(410, 'EVT-004', 3, 8, 5, 'Disponible'),
(411, 'EVT-005', 3, 8, 5, 'Disponible'),
(412, 'EVT-006', 3, 8, 5, 'Disponible'),
(413, 'EVT-007', 3, 8, 5, 'Disponible'),
(414, 'EVT-001', 3, 9, 5, 'Vendido'),
(415, 'EVT-002', 3, 9, 5, 'Disponible'),
(416, 'EVT-003', 3, 9, 5, 'Disponible'),
(417, 'EVT-004', 3, 9, 5, 'Disponible'),
(418, 'EVT-005', 3, 9, 5, 'Disponible'),
(419, 'EVT-006', 3, 9, 5, 'Disponible'),
(420, 'EVT-007', 3, 9, 5, 'Disponible'),
(421, 'EVT-001', 1, 0, 6, 'Vendido'),
(422, 'EVT-002', 1, 0, 6, 'Disponible'),
(423, 'EVT-003', 1, 0, 6, 'Disponible'),
(424, 'EVT-004', 1, 0, 6, 'Disponible'),
(425, 'EVT-005', 1, 0, 6, 'Disponible'),
(426, 'EVT-006', 1, 0, 6, 'Disponible'),
(427, 'EVT-007', 1, 0, 6, 'Disponible'),
(428, 'EVT-001', 1, 1, 6, 'Disponible'),
(429, 'EVT-002', 1, 1, 6, 'Disponible'),
(430, 'EVT-003', 1, 1, 6, 'Disponible'),
(431, 'EVT-004', 1, 1, 6, 'Disponible'),
(432, 'EVT-005', 1, 1, 6, 'Disponible'),
(433, 'EVT-006', 1, 1, 6, 'Disponible'),
(434, 'EVT-007', 1, 1, 6, 'Disponible'),
(435, 'EVT-001', 2, 2, 6, 'Disponible'),
(436, 'EVT-002', 2, 2, 6, 'Disponible'),
(437, 'EVT-003', 2, 2, 6, 'Disponible'),
(438, 'EVT-004', 2, 2, 6, 'Disponible'),
(439, 'EVT-005', 2, 2, 6, 'Disponible'),
(440, 'EVT-006', 2, 2, 6, 'Disponible'),
(441, 'EVT-007', 2, 2, 6, 'Disponible'),
(442, 'EVT-001', 2, 3, 6, 'Disponible'),
(443, 'EVT-002', 2, 3, 6, 'Disponible'),
(444, 'EVT-003', 2, 3, 6, 'Disponible'),
(445, 'EVT-004', 2, 3, 6, 'Disponible'),
(446, 'EVT-005', 2, 3, 6, 'Disponible'),
(447, 'EVT-006', 2, 3, 6, 'Disponible'),
(448, 'EVT-007', 2, 3, 6, 'Disponible'),
(449, 'EVT-001', 2, 4, 6, 'Disponible'),
(450, 'EVT-002', 2, 4, 6, 'Disponible'),
(451, 'EVT-003', 2, 4, 6, 'Disponible'),
(452, 'EVT-004', 2, 4, 6, 'Disponible'),
(453, 'EVT-005', 2, 4, 6, 'Disponible'),
(454, 'EVT-006', 2, 4, 6, 'Disponible'),
(455, 'EVT-007', 2, 4, 6, 'Disponible'),
(456, 'EVT-001', 3, 5, 6, 'Disponible'),
(457, 'EVT-002', 3, 5, 6, 'Disponible'),
(458, 'EVT-003', 3, 5, 6, 'Disponible'),
(459, 'EVT-004', 3, 5, 6, 'Disponible'),
(460, 'EVT-005', 3, 5, 6, 'Disponible'),
(461, 'EVT-006', 3, 5, 6, 'Disponible'),
(462, 'EVT-007', 3, 5, 6, 'Disponible'),
(463, 'EVT-001', 3, 6, 6, 'Disponible'),
(464, 'EVT-002', 3, 6, 6, 'Disponible'),
(465, 'EVT-003', 3, 6, 6, 'Disponible'),
(466, 'EVT-004', 3, 6, 6, 'Disponible'),
(467, 'EVT-005', 3, 6, 6, 'Disponible'),
(468, 'EVT-006', 3, 6, 6, 'Disponible'),
(469, 'EVT-007', 3, 6, 6, 'Disponible'),
(470, 'EVT-001', 3, 7, 6, 'Disponible'),
(471, 'EVT-002', 3, 7, 6, 'Disponible'),
(472, 'EVT-003', 3, 7, 6, 'Disponible'),
(473, 'EVT-004', 3, 7, 6, 'Disponible'),
(474, 'EVT-005', 3, 7, 6, 'Disponible'),
(475, 'EVT-006', 3, 7, 6, 'Disponible'),
(476, 'EVT-007', 3, 7, 6, 'Disponible'),
(477, 'EVT-001', 3, 8, 6, 'Disponible'),
(478, 'EVT-002', 3, 8, 6, 'Disponible'),
(479, 'EVT-003', 3, 8, 6, 'Disponible'),
(480, 'EVT-004', 3, 8, 6, 'Disponible'),
(481, 'EVT-005', 3, 8, 6, 'Disponible'),
(482, 'EVT-006', 3, 8, 6, 'Disponible'),
(483, 'EVT-007', 3, 8, 6, 'Disponible'),
(484, 'EVT-001', 3, 9, 6, 'Disponible'),
(485, 'EVT-002', 3, 9, 6, 'Disponible'),
(486, 'EVT-003', 3, 9, 6, 'Disponible'),
(487, 'EVT-004', 3, 9, 6, 'Disponible'),
(488, 'EVT-005', 3, 9, 6, 'Disponible'),
(489, 'EVT-006', 3, 9, 6, 'Disponible'),
(490, 'EVT-007', 3, 9, 6, 'Disponible'),
(491, 'EVT-001', 1, 0, 7, 'Vendido'),
(492, 'EVT-002', 1, 0, 7, 'Disponible'),
(493, 'EVT-003', 1, 0, 7, 'Disponible'),
(494, 'EVT-004', 1, 0, 7, 'Disponible'),
(495, 'EVT-005', 1, 0, 7, 'Disponible'),
(496, 'EVT-006', 1, 0, 7, 'Disponible'),
(497, 'EVT-007', 1, 0, 7, 'Disponible'),
(498, 'EVT-001', 1, 1, 7, 'Disponible'),
(499, 'EVT-002', 1, 1, 7, 'Disponible'),
(500, 'EVT-003', 1, 1, 7, 'Disponible'),
(501, 'EVT-004', 1, 1, 7, 'Disponible'),
(502, 'EVT-005', 1, 1, 7, 'Disponible'),
(503, 'EVT-006', 1, 1, 7, 'Disponible'),
(504, 'EVT-007', 1, 1, 7, 'Disponible'),
(505, 'EVT-001', 2, 2, 7, 'Disponible'),
(506, 'EVT-002', 2, 2, 7, 'Disponible'),
(507, 'EVT-003', 2, 2, 7, 'Disponible'),
(508, 'EVT-004', 2, 2, 7, 'Disponible'),
(509, 'EVT-005', 2, 2, 7, 'Disponible'),
(510, 'EVT-006', 2, 2, 7, 'Disponible'),
(511, 'EVT-007', 2, 2, 7, 'Disponible'),
(512, 'EVT-001', 2, 3, 7, 'Disponible'),
(513, 'EVT-002', 2, 3, 7, 'Disponible'),
(514, 'EVT-003', 2, 3, 7, 'Disponible'),
(515, 'EVT-004', 2, 3, 7, 'Disponible'),
(516, 'EVT-005', 2, 3, 7, 'Disponible'),
(517, 'EVT-006', 2, 3, 7, 'Disponible'),
(518, 'EVT-007', 2, 3, 7, 'Disponible'),
(519, 'EVT-001', 2, 4, 7, 'Disponible'),
(520, 'EVT-002', 2, 4, 7, 'Disponible'),
(521, 'EVT-003', 2, 4, 7, 'Disponible'),
(522, 'EVT-004', 2, 4, 7, 'Disponible'),
(523, 'EVT-005', 2, 4, 7, 'Disponible'),
(524, 'EVT-006', 2, 4, 7, 'Disponible'),
(525, 'EVT-007', 2, 4, 7, 'Disponible'),
(526, 'EVT-001', 3, 5, 7, 'Disponible'),
(527, 'EVT-002', 3, 5, 7, 'Disponible'),
(528, 'EVT-003', 3, 5, 7, 'Disponible'),
(529, 'EVT-004', 3, 5, 7, 'Disponible'),
(530, 'EVT-005', 3, 5, 7, 'Disponible'),
(531, 'EVT-006', 3, 5, 7, 'Disponible'),
(532, 'EVT-007', 3, 5, 7, 'Disponible'),
(533, 'EVT-001', 3, 6, 7, 'Disponible'),
(534, 'EVT-002', 3, 6, 7, 'Disponible'),
(535, 'EVT-003', 3, 6, 7, 'Disponible'),
(536, 'EVT-004', 3, 6, 7, 'Disponible'),
(537, 'EVT-005', 3, 6, 7, 'Disponible'),
(538, 'EVT-006', 3, 6, 7, 'Disponible'),
(539, 'EVT-007', 3, 6, 7, 'Disponible'),
(540, 'EVT-001', 3, 7, 7, 'Disponible'),
(541, 'EVT-002', 3, 7, 7, 'Disponible'),
(542, 'EVT-003', 3, 7, 7, 'Disponible'),
(543, 'EVT-004', 3, 7, 7, 'Disponible'),
(544, 'EVT-005', 3, 7, 7, 'Disponible'),
(545, 'EVT-006', 3, 7, 7, 'Disponible'),
(546, 'EVT-007', 3, 7, 7, 'Disponible'),
(547, 'EVT-001', 3, 8, 7, 'Disponible'),
(548, 'EVT-002', 3, 8, 7, 'Disponible'),
(549, 'EVT-003', 3, 8, 7, 'Disponible'),
(550, 'EVT-004', 3, 8, 7, 'Disponible'),
(551, 'EVT-005', 3, 8, 7, 'Disponible'),
(552, 'EVT-006', 3, 8, 7, 'Disponible'),
(553, 'EVT-007', 3, 8, 7, 'Disponible'),
(554, 'EVT-001', 3, 9, 7, 'Disponible'),
(555, 'EVT-002', 3, 9, 7, 'Disponible'),
(556, 'EVT-003', 3, 9, 7, 'Disponible'),
(557, 'EVT-004', 3, 9, 7, 'Disponible'),
(558, 'EVT-005', 3, 9, 7, 'Disponible'),
(559, 'EVT-006', 3, 9, 7, 'Disponible'),
(560, 'EVT-007', 3, 9, 7, 'Disponible'),
(561, 'EVT-001', 1, 0, 8, 'Vendido'),
(562, 'EVT-002', 1, 0, 8, 'Disponible'),
(563, 'EVT-003', 1, 0, 8, 'Disponible'),
(564, 'EVT-004', 1, 0, 8, 'Disponible'),
(565, 'EVT-005', 1, 0, 8, 'Disponible'),
(566, 'EVT-006', 1, 0, 8, 'Disponible'),
(567, 'EVT-007', 1, 0, 8, 'Disponible'),
(568, 'EVT-001', 1, 1, 8, 'Disponible'),
(569, 'EVT-002', 1, 1, 8, 'Disponible'),
(570, 'EVT-003', 1, 1, 8, 'Disponible'),
(571, 'EVT-004', 1, 1, 8, 'Disponible'),
(572, 'EVT-005', 1, 1, 8, 'Disponible'),
(573, 'EVT-006', 1, 1, 8, 'Disponible'),
(574, 'EVT-007', 1, 1, 8, 'Disponible'),
(575, 'EVT-001', 2, 2, 8, 'Disponible'),
(576, 'EVT-002', 2, 2, 8, 'Disponible'),
(577, 'EVT-003', 2, 2, 8, 'Disponible'),
(578, 'EVT-004', 2, 2, 8, 'Disponible'),
(579, 'EVT-005', 2, 2, 8, 'Disponible'),
(580, 'EVT-006', 2, 2, 8, 'Disponible'),
(581, 'EVT-007', 2, 2, 8, 'Disponible'),
(582, 'EVT-001', 2, 3, 8, 'Disponible'),
(583, 'EVT-002', 2, 3, 8, 'Disponible'),
(584, 'EVT-003', 2, 3, 8, 'Disponible'),
(585, 'EVT-004', 2, 3, 8, 'Disponible'),
(586, 'EVT-005', 2, 3, 8, 'Disponible'),
(587, 'EVT-006', 2, 3, 8, 'Disponible'),
(588, 'EVT-007', 2, 3, 8, 'Disponible'),
(589, 'EVT-001', 2, 4, 8, 'Disponible'),
(590, 'EVT-002', 2, 4, 8, 'Disponible'),
(591, 'EVT-003', 2, 4, 8, 'Disponible'),
(592, 'EVT-004', 2, 4, 8, 'Disponible'),
(593, 'EVT-005', 2, 4, 8, 'Disponible'),
(594, 'EVT-006', 2, 4, 8, 'Disponible'),
(595, 'EVT-007', 2, 4, 8, 'Disponible'),
(596, 'EVT-001', 3, 5, 8, 'Disponible'),
(597, 'EVT-002', 3, 5, 8, 'Disponible'),
(598, 'EVT-003', 3, 5, 8, 'Disponible'),
(599, 'EVT-004', 3, 5, 8, 'Disponible'),
(600, 'EVT-005', 3, 5, 8, 'Disponible'),
(601, 'EVT-006', 3, 5, 8, 'Disponible'),
(602, 'EVT-007', 3, 5, 8, 'Disponible'),
(603, 'EVT-001', 3, 6, 8, 'Disponible'),
(604, 'EVT-002', 3, 6, 8, 'Disponible'),
(605, 'EVT-003', 3, 6, 8, 'Disponible'),
(606, 'EVT-004', 3, 6, 8, 'Disponible'),
(607, 'EVT-005', 3, 6, 8, 'Disponible'),
(608, 'EVT-006', 3, 6, 8, 'Disponible'),
(609, 'EVT-007', 3, 6, 8, 'Disponible'),
(610, 'EVT-001', 3, 7, 8, 'Disponible'),
(611, 'EVT-002', 3, 7, 8, 'Disponible'),
(612, 'EVT-003', 3, 7, 8, 'Disponible'),
(613, 'EVT-004', 3, 7, 8, 'Disponible'),
(614, 'EVT-005', 3, 7, 8, 'Disponible'),
(615, 'EVT-006', 3, 7, 8, 'Disponible'),
(616, 'EVT-007', 3, 7, 8, 'Disponible'),
(617, 'EVT-001', 3, 8, 8, 'Disponible'),
(618, 'EVT-002', 3, 8, 8, 'Disponible'),
(619, 'EVT-003', 3, 8, 8, 'Disponible'),
(620, 'EVT-004', 3, 8, 8, 'Disponible'),
(621, 'EVT-005', 3, 8, 8, 'Disponible'),
(622, 'EVT-006', 3, 8, 8, 'Disponible'),
(623, 'EVT-007', 3, 8, 8, 'Disponible'),
(624, 'EVT-001', 3, 9, 8, 'Disponible'),
(625, 'EVT-002', 3, 9, 8, 'Disponible'),
(626, 'EVT-003', 3, 9, 8, 'Disponible'),
(627, 'EVT-004', 3, 9, 8, 'Disponible'),
(628, 'EVT-005', 3, 9, 8, 'Disponible'),
(629, 'EVT-006', 3, 9, 8, 'Disponible'),
(630, 'EVT-007', 3, 9, 8, 'Disponible'),
(631, 'EVT-001', 1, 0, 9, 'Vendido'),
(632, 'EVT-002', 1, 0, 9, 'Disponible'),
(633, 'EVT-003', 1, 0, 9, 'Disponible'),
(634, 'EVT-004', 1, 0, 9, 'Disponible'),
(635, 'EVT-005', 1, 0, 9, 'Disponible'),
(636, 'EVT-006', 1, 0, 9, 'Disponible'),
(637, 'EVT-007', 1, 0, 9, 'Disponible'),
(638, 'EVT-001', 1, 1, 9, 'Disponible'),
(639, 'EVT-002', 1, 1, 9, 'Disponible'),
(640, 'EVT-003', 1, 1, 9, 'Disponible'),
(641, 'EVT-004', 1, 1, 9, 'Disponible'),
(642, 'EVT-005', 1, 1, 9, 'Disponible'),
(643, 'EVT-006', 1, 1, 9, 'Disponible'),
(644, 'EVT-007', 1, 1, 9, 'Disponible'),
(645, 'EVT-001', 2, 2, 9, 'Disponible'),
(646, 'EVT-002', 2, 2, 9, 'Disponible'),
(647, 'EVT-003', 2, 2, 9, 'Disponible'),
(648, 'EVT-004', 2, 2, 9, 'Disponible'),
(649, 'EVT-005', 2, 2, 9, 'Disponible'),
(650, 'EVT-006', 2, 2, 9, 'Disponible'),
(651, 'EVT-007', 2, 2, 9, 'Disponible'),
(652, 'EVT-001', 2, 3, 9, 'Disponible'),
(653, 'EVT-002', 2, 3, 9, 'Disponible'),
(654, 'EVT-003', 2, 3, 9, 'Disponible'),
(655, 'EVT-004', 2, 3, 9, 'Disponible'),
(656, 'EVT-005', 2, 3, 9, 'Disponible'),
(657, 'EVT-006', 2, 3, 9, 'Disponible'),
(658, 'EVT-007', 2, 3, 9, 'Disponible'),
(659, 'EVT-001', 2, 4, 9, 'Disponible'),
(660, 'EVT-002', 2, 4, 9, 'Disponible'),
(661, 'EVT-003', 2, 4, 9, 'Disponible'),
(662, 'EVT-004', 2, 4, 9, 'Disponible'),
(663, 'EVT-005', 2, 4, 9, 'Disponible'),
(664, 'EVT-006', 2, 4, 9, 'Disponible'),
(665, 'EVT-007', 2, 4, 9, 'Disponible'),
(666, 'EVT-001', 3, 5, 9, 'Vendido'),
(667, 'EVT-002', 3, 5, 9, 'Disponible'),
(668, 'EVT-003', 3, 5, 9, 'Disponible'),
(669, 'EVT-004', 3, 5, 9, 'Disponible'),
(670, 'EVT-005', 3, 5, 9, 'Disponible'),
(671, 'EVT-006', 3, 5, 9, 'Disponible'),
(672, 'EVT-007', 3, 5, 9, 'Disponible'),
(673, 'EVT-001', 3, 6, 9, 'Vendido'),
(674, 'EVT-002', 3, 6, 9, 'Disponible'),
(675, 'EVT-003', 3, 6, 9, 'Disponible'),
(676, 'EVT-004', 3, 6, 9, 'Disponible'),
(677, 'EVT-005', 3, 6, 9, 'Disponible'),
(678, 'EVT-006', 3, 6, 9, 'Disponible'),
(679, 'EVT-007', 3, 6, 9, 'Disponible'),
(680, 'EVT-001', 3, 7, 9, 'Vendido'),
(681, 'EVT-002', 3, 7, 9, 'Disponible'),
(682, 'EVT-003', 3, 7, 9, 'Disponible'),
(683, 'EVT-004', 3, 7, 9, 'Disponible'),
(684, 'EVT-005', 3, 7, 9, 'Disponible'),
(685, 'EVT-006', 3, 7, 9, 'Disponible'),
(686, 'EVT-007', 3, 7, 9, 'Disponible'),
(687, 'EVT-001', 3, 8, 9, 'Vendido'),
(688, 'EVT-002', 3, 8, 9, 'Disponible'),
(689, 'EVT-003', 3, 8, 9, 'Disponible'),
(690, 'EVT-004', 3, 8, 9, 'Disponible'),
(691, 'EVT-005', 3, 8, 9, 'Disponible'),
(692, 'EVT-006', 3, 8, 9, 'Disponible'),
(693, 'EVT-007', 3, 8, 9, 'Disponible'),
(694, 'EVT-001', 3, 9, 9, 'Vendido'),
(695, 'EVT-002', 3, 9, 9, 'Disponible'),
(696, 'EVT-003', 3, 9, 9, 'Disponible'),
(697, 'EVT-004', 3, 9, 9, 'Disponible'),
(698, 'EVT-005', 3, 9, 9, 'Disponible'),
(699, 'EVT-006', 3, 9, 9, 'Disponible'),
(700, 'EVT-007', 3, 9, 9, 'Disponible'),
(1024, 'EVT-001', 1, 0, 0, 'Vendido'),
(1025, 'EVT-002', 1, 0, 0, 'Disponible'),
(1026, 'EVT-003', 1, 0, 0, 'Disponible'),
(1027, 'EVT-004', 1, 0, 0, 'Disponible'),
(1028, 'EVT-005', 1, 0, 0, 'Disponible'),
(1029, 'EVT-006', 1, 0, 0, 'Disponible'),
(1030, 'EVT-007', 1, 0, 0, 'Disponible'),
(1031, 'EVT-001', 1, 1, 0, 'Disponible'),
(1032, 'EVT-002', 1, 1, 0, 'Disponible'),
(1033, 'EVT-003', 1, 1, 0, 'Disponible'),
(1034, 'EVT-004', 1, 1, 0, 'Disponible'),
(1035, 'EVT-005', 1, 1, 0, 'Disponible'),
(1036, 'EVT-006', 1, 1, 0, 'Disponible'),
(1037, 'EVT-007', 1, 1, 0, 'Disponible'),
(1038, 'EVT-001', 2, 2, 0, 'Disponible'),
(1039, 'EVT-002', 2, 2, 0, 'Disponible'),
(1040, 'EVT-003', 2, 2, 0, 'Disponible'),
(1041, 'EVT-004', 2, 2, 0, 'Disponible'),
(1042, 'EVT-005', 2, 2, 0, 'Disponible'),
(1043, 'EVT-006', 2, 2, 0, 'Disponible'),
(1044, 'EVT-007', 2, 2, 0, 'Disponible'),
(1045, 'EVT-001', 2, 3, 0, 'Disponible'),
(1046, 'EVT-002', 2, 3, 0, 'Disponible'),
(1047, 'EVT-003', 2, 3, 0, 'Disponible'),
(1048, 'EVT-004', 2, 3, 0, 'Disponible'),
(1049, 'EVT-005', 2, 3, 0, 'Disponible'),
(1050, 'EVT-006', 2, 3, 0, 'Disponible'),
(1051, 'EVT-007', 2, 3, 0, 'Disponible'),
(1052, 'EVT-001', 2, 4, 0, 'Disponible'),
(1053, 'EVT-002', 2, 4, 0, 'Disponible'),
(1054, 'EVT-003', 2, 4, 0, 'Disponible'),
(1055, 'EVT-004', 2, 4, 0, 'Disponible'),
(1056, 'EVT-005', 2, 4, 0, 'Disponible'),
(1057, 'EVT-006', 2, 4, 0, 'Disponible'),
(1058, 'EVT-007', 2, 4, 0, 'Disponible'),
(1059, 'EVT-001', 3, 5, 0, 'Disponible'),
(1060, 'EVT-002', 3, 5, 0, 'Disponible'),
(1061, 'EVT-003', 3, 5, 0, 'Disponible'),
(1062, 'EVT-004', 3, 5, 0, 'Disponible'),
(1063, 'EVT-005', 3, 5, 0, 'Disponible'),
(1064, 'EVT-006', 3, 5, 0, 'Disponible'),
(1065, 'EVT-007', 3, 5, 0, 'Disponible'),
(1066, 'EVT-001', 3, 6, 0, 'Disponible'),
(1067, 'EVT-002', 3, 6, 0, 'Disponible'),
(1068, 'EVT-003', 3, 6, 0, 'Disponible'),
(1069, 'EVT-004', 3, 6, 0, 'Disponible'),
(1070, 'EVT-005', 3, 6, 0, 'Disponible'),
(1071, 'EVT-006', 3, 6, 0, 'Disponible'),
(1072, 'EVT-007', 3, 6, 0, 'Disponible'),
(1073, 'EVT-001', 3, 7, 0, 'Disponible'),
(1074, 'EVT-002', 3, 7, 0, 'Disponible'),
(1075, 'EVT-003', 3, 7, 0, 'Disponible'),
(1076, 'EVT-004', 3, 7, 0, 'Disponible'),
(1077, 'EVT-005', 3, 7, 0, 'Disponible'),
(1078, 'EVT-006', 3, 7, 0, 'Disponible'),
(1079, 'EVT-007', 3, 7, 0, 'Disponible'),
(1080, 'EVT-001', 3, 8, 0, 'Disponible'),
(1081, 'EVT-002', 3, 8, 0, 'Disponible'),
(1082, 'EVT-003', 3, 8, 0, 'Disponible'),
(1083, 'EVT-004', 3, 8, 0, 'Disponible'),
(1084, 'EVT-005', 3, 8, 0, 'Disponible'),
(1085, 'EVT-006', 3, 8, 0, 'Disponible'),
(1086, 'EVT-007', 3, 8, 0, 'Disponible'),
(1087, 'EVT-001', 3, 9, 0, 'Disponible'),
(1088, 'EVT-002', 3, 9, 0, 'Disponible'),
(1089, 'EVT-003', 3, 9, 0, 'Disponible'),
(1090, 'EVT-004', 3, 9, 0, 'Disponible'),
(1091, 'EVT-005', 3, 9, 0, 'Disponible'),
(1092, 'EVT-006', 3, 9, 0, 'Disponible'),
(1093, 'EVT-007', 3, 9, 0, 'Disponible'),
(1094, 'EVT-001', 1, 0, 1, 'Disponible'),
(1095, 'EVT-002', 1, 0, 1, 'Disponible'),
(1096, 'EVT-003', 1, 0, 1, 'Disponible'),
(1097, 'EVT-004', 1, 0, 1, 'Disponible'),
(1098, 'EVT-005', 1, 0, 1, 'Disponible'),
(1099, 'EVT-006', 1, 0, 1, 'Disponible'),
(1100, 'EVT-007', 1, 0, 1, 'Disponible'),
(1101, 'EVT-001', 1, 1, 1, 'Disponible'),
(1102, 'EVT-002', 1, 1, 1, 'Disponible'),
(1103, 'EVT-003', 1, 1, 1, 'Disponible'),
(1104, 'EVT-004', 1, 1, 1, 'Disponible'),
(1105, 'EVT-005', 1, 1, 1, 'Disponible'),
(1106, 'EVT-006', 1, 1, 1, 'Disponible'),
(1107, 'EVT-007', 1, 1, 1, 'Disponible'),
(1108, 'EVT-001', 2, 2, 1, 'Disponible'),
(1109, 'EVT-002', 2, 2, 1, 'Disponible'),
(1110, 'EVT-003', 2, 2, 1, 'Disponible'),
(1111, 'EVT-004', 2, 2, 1, 'Disponible'),
(1112, 'EVT-005', 2, 2, 1, 'Disponible'),
(1113, 'EVT-006', 2, 2, 1, 'Disponible'),
(1114, 'EVT-007', 2, 2, 1, 'Disponible'),
(1115, 'EVT-001', 2, 3, 1, 'Disponible'),
(1116, 'EVT-002', 2, 3, 1, 'Disponible'),
(1117, 'EVT-003', 2, 3, 1, 'Disponible'),
(1118, 'EVT-004', 2, 3, 1, 'Disponible'),
(1119, 'EVT-005', 2, 3, 1, 'Disponible'),
(1120, 'EVT-006', 2, 3, 1, 'Disponible'),
(1121, 'EVT-007', 2, 3, 1, 'Disponible'),
(1122, 'EVT-001', 2, 4, 1, 'Disponible'),
(1123, 'EVT-002', 2, 4, 1, 'Disponible'),
(1124, 'EVT-003', 2, 4, 1, 'Disponible'),
(1125, 'EVT-004', 2, 4, 1, 'Disponible'),
(1126, 'EVT-005', 2, 4, 1, 'Disponible'),
(1127, 'EVT-006', 2, 4, 1, 'Disponible'),
(1128, 'EVT-007', 2, 4, 1, 'Disponible'),
(1129, 'EVT-001', 3, 5, 1, 'Disponible'),
(1130, 'EVT-002', 3, 5, 1, 'Disponible'),
(1131, 'EVT-003', 3, 5, 1, 'Disponible'),
(1132, 'EVT-004', 3, 5, 1, 'Disponible'),
(1133, 'EVT-005', 3, 5, 1, 'Disponible'),
(1134, 'EVT-006', 3, 5, 1, 'Disponible'),
(1135, 'EVT-007', 3, 5, 1, 'Disponible'),
(1136, 'EVT-001', 3, 6, 1, 'Disponible'),
(1137, 'EVT-002', 3, 6, 1, 'Disponible'),
(1138, 'EVT-003', 3, 6, 1, 'Disponible'),
(1139, 'EVT-004', 3, 6, 1, 'Disponible'),
(1140, 'EVT-005', 3, 6, 1, 'Disponible'),
(1141, 'EVT-006', 3, 6, 1, 'Disponible'),
(1142, 'EVT-007', 3, 6, 1, 'Disponible'),
(1143, 'EVT-001', 3, 7, 1, 'Disponible'),
(1144, 'EVT-002', 3, 7, 1, 'Disponible'),
(1145, 'EVT-003', 3, 7, 1, 'Disponible'),
(1146, 'EVT-004', 3, 7, 1, 'Disponible'),
(1147, 'EVT-005', 3, 7, 1, 'Disponible'),
(1148, 'EVT-006', 3, 7, 1, 'Disponible'),
(1149, 'EVT-007', 3, 7, 1, 'Disponible'),
(1150, 'EVT-001', 3, 8, 1, 'Disponible'),
(1151, 'EVT-002', 3, 8, 1, 'Disponible'),
(1152, 'EVT-003', 3, 8, 1, 'Disponible'),
(1153, 'EVT-004', 3, 8, 1, 'Disponible'),
(1154, 'EVT-005', 3, 8, 1, 'Disponible'),
(1155, 'EVT-006', 3, 8, 1, 'Disponible'),
(1156, 'EVT-007', 3, 8, 1, 'Disponible'),
(1157, 'EVT-001', 3, 9, 1, 'Disponible'),
(1158, 'EVT-002', 3, 9, 1, 'Disponible'),
(1159, 'EVT-003', 3, 9, 1, 'Disponible'),
(1160, 'EVT-004', 3, 9, 1, 'Disponible'),
(1161, 'EVT-005', 3, 9, 1, 'Disponible'),
(1162, 'EVT-006', 3, 9, 1, 'Disponible'),
(1163, 'EVT-007', 3, 9, 1, 'Disponible'),
(1164, 'EVT-001', 1, 0, 2, 'Disponible'),
(1165, 'EVT-002', 1, 0, 2, 'Disponible'),
(1166, 'EVT-003', 1, 0, 2, 'Disponible'),
(1167, 'EVT-004', 1, 0, 2, 'Disponible'),
(1168, 'EVT-005', 1, 0, 2, 'Disponible'),
(1169, 'EVT-006', 1, 0, 2, 'Disponible'),
(1170, 'EVT-007', 1, 0, 2, 'Disponible'),
(1171, 'EVT-001', 1, 1, 2, 'Disponible'),
(1172, 'EVT-002', 1, 1, 2, 'Disponible'),
(1173, 'EVT-003', 1, 1, 2, 'Disponible'),
(1174, 'EVT-004', 1, 1, 2, 'Disponible'),
(1175, 'EVT-005', 1, 1, 2, 'Disponible'),
(1176, 'EVT-006', 1, 1, 2, 'Disponible'),
(1177, 'EVT-007', 1, 1, 2, 'Disponible'),
(1178, 'EVT-001', 2, 2, 2, 'Disponible'),
(1179, 'EVT-002', 2, 2, 2, 'Disponible'),
(1180, 'EVT-003', 2, 2, 2, 'Disponible'),
(1181, 'EVT-004', 2, 2, 2, 'Disponible'),
(1182, 'EVT-005', 2, 2, 2, 'Disponible'),
(1183, 'EVT-006', 2, 2, 2, 'Disponible'),
(1184, 'EVT-007', 2, 2, 2, 'Disponible'),
(1185, 'EVT-001', 2, 3, 2, 'Disponible'),
(1186, 'EVT-002', 2, 3, 2, 'Disponible'),
(1187, 'EVT-003', 2, 3, 2, 'Disponible'),
(1188, 'EVT-004', 2, 3, 2, 'Disponible'),
(1189, 'EVT-005', 2, 3, 2, 'Disponible'),
(1190, 'EVT-006', 2, 3, 2, 'Disponible'),
(1191, 'EVT-007', 2, 3, 2, 'Disponible'),
(1192, 'EVT-001', 2, 4, 2, 'Disponible'),
(1193, 'EVT-002', 2, 4, 2, 'Disponible'),
(1194, 'EVT-003', 2, 4, 2, 'Disponible'),
(1195, 'EVT-004', 2, 4, 2, 'Disponible'),
(1196, 'EVT-005', 2, 4, 2, 'Disponible'),
(1197, 'EVT-006', 2, 4, 2, 'Disponible'),
(1198, 'EVT-007', 2, 4, 2, 'Disponible'),
(1199, 'EVT-001', 3, 5, 2, 'Disponible'),
(1200, 'EVT-002', 3, 5, 2, 'Disponible'),
(1201, 'EVT-003', 3, 5, 2, 'Disponible'),
(1202, 'EVT-004', 3, 5, 2, 'Disponible'),
(1203, 'EVT-005', 3, 5, 2, 'Disponible'),
(1204, 'EVT-006', 3, 5, 2, 'Disponible'),
(1205, 'EVT-007', 3, 5, 2, 'Disponible'),
(1206, 'EVT-001', 3, 6, 2, 'Disponible'),
(1207, 'EVT-002', 3, 6, 2, 'Disponible'),
(1208, 'EVT-003', 3, 6, 2, 'Disponible'),
(1209, 'EVT-004', 3, 6, 2, 'Disponible'),
(1210, 'EVT-005', 3, 6, 2, 'Disponible'),
(1211, 'EVT-006', 3, 6, 2, 'Disponible'),
(1212, 'EVT-007', 3, 6, 2, 'Disponible'),
(1213, 'EVT-001', 3, 7, 2, 'Disponible'),
(1214, 'EVT-002', 3, 7, 2, 'Disponible'),
(1215, 'EVT-003', 3, 7, 2, 'Disponible'),
(1216, 'EVT-004', 3, 7, 2, 'Disponible'),
(1217, 'EVT-005', 3, 7, 2, 'Disponible'),
(1218, 'EVT-006', 3, 7, 2, 'Disponible'),
(1219, 'EVT-007', 3, 7, 2, 'Disponible'),
(1220, 'EVT-001', 3, 8, 2, 'Disponible'),
(1221, 'EVT-002', 3, 8, 2, 'Disponible'),
(1222, 'EVT-003', 3, 8, 2, 'Disponible'),
(1223, 'EVT-004', 3, 8, 2, 'Disponible'),
(1224, 'EVT-005', 3, 8, 2, 'Disponible'),
(1225, 'EVT-006', 3, 8, 2, 'Disponible'),
(1226, 'EVT-007', 3, 8, 2, 'Disponible'),
(1227, 'EVT-001', 3, 9, 2, 'Disponible'),
(1228, 'EVT-002', 3, 9, 2, 'Disponible'),
(1229, 'EVT-003', 3, 9, 2, 'Disponible'),
(1230, 'EVT-004', 3, 9, 2, 'Disponible'),
(1231, 'EVT-005', 3, 9, 2, 'Disponible'),
(1232, 'EVT-006', 3, 9, 2, 'Disponible'),
(1233, 'EVT-007', 3, 9, 2, 'Disponible'),
(1234, 'EVT-001', 1, 0, 3, 'Disponible'),
(1235, 'EVT-002', 1, 0, 3, 'Disponible'),
(1236, 'EVT-003', 1, 0, 3, 'Disponible'),
(1237, 'EVT-004', 1, 0, 3, 'Disponible'),
(1238, 'EVT-005', 1, 0, 3, 'Disponible'),
(1239, 'EVT-006', 1, 0, 3, 'Disponible'),
(1240, 'EVT-007', 1, 0, 3, 'Disponible'),
(1241, 'EVT-001', 1, 1, 3, 'Disponible'),
(1242, 'EVT-002', 1, 1, 3, 'Disponible'),
(1243, 'EVT-003', 1, 1, 3, 'Disponible'),
(1244, 'EVT-004', 1, 1, 3, 'Disponible'),
(1245, 'EVT-005', 1, 1, 3, 'Disponible'),
(1246, 'EVT-006', 1, 1, 3, 'Disponible'),
(1247, 'EVT-007', 1, 1, 3, 'Disponible'),
(1248, 'EVT-001', 2, 2, 3, 'Disponible'),
(1249, 'EVT-002', 2, 2, 3, 'Disponible'),
(1250, 'EVT-003', 2, 2, 3, 'Disponible'),
(1251, 'EVT-004', 2, 2, 3, 'Disponible'),
(1252, 'EVT-005', 2, 2, 3, 'Disponible'),
(1253, 'EVT-006', 2, 2, 3, 'Disponible'),
(1254, 'EVT-007', 2, 2, 3, 'Disponible'),
(1255, 'EVT-001', 2, 3, 3, 'Disponible'),
(1256, 'EVT-002', 2, 3, 3, 'Disponible'),
(1257, 'EVT-003', 2, 3, 3, 'Disponible'),
(1258, 'EVT-004', 2, 3, 3, 'Disponible'),
(1259, 'EVT-005', 2, 3, 3, 'Disponible'),
(1260, 'EVT-006', 2, 3, 3, 'Disponible'),
(1261, 'EVT-007', 2, 3, 3, 'Disponible'),
(1262, 'EVT-001', 2, 4, 3, 'Disponible'),
(1263, 'EVT-002', 2, 4, 3, 'Disponible'),
(1264, 'EVT-003', 2, 4, 3, 'Disponible'),
(1265, 'EVT-004', 2, 4, 3, 'Disponible'),
(1266, 'EVT-005', 2, 4, 3, 'Disponible'),
(1267, 'EVT-006', 2, 4, 3, 'Disponible'),
(1268, 'EVT-007', 2, 4, 3, 'Disponible'),
(1269, 'EVT-001', 3, 5, 3, 'Disponible'),
(1270, 'EVT-002', 3, 5, 3, 'Disponible'),
(1271, 'EVT-003', 3, 5, 3, 'Disponible'),
(1272, 'EVT-004', 3, 5, 3, 'Disponible'),
(1273, 'EVT-005', 3, 5, 3, 'Disponible'),
(1274, 'EVT-006', 3, 5, 3, 'Disponible'),
(1275, 'EVT-007', 3, 5, 3, 'Disponible'),
(1276, 'EVT-001', 3, 6, 3, 'Disponible'),
(1277, 'EVT-002', 3, 6, 3, 'Disponible'),
(1278, 'EVT-003', 3, 6, 3, 'Disponible'),
(1279, 'EVT-004', 3, 6, 3, 'Disponible'),
(1280, 'EVT-005', 3, 6, 3, 'Disponible'),
(1281, 'EVT-006', 3, 6, 3, 'Disponible'),
(1282, 'EVT-007', 3, 6, 3, 'Disponible'),
(1283, 'EVT-001', 3, 7, 3, 'Disponible'),
(1284, 'EVT-002', 3, 7, 3, 'Disponible'),
(1285, 'EVT-003', 3, 7, 3, 'Disponible'),
(1286, 'EVT-004', 3, 7, 3, 'Disponible'),
(1287, 'EVT-005', 3, 7, 3, 'Disponible'),
(1288, 'EVT-006', 3, 7, 3, 'Disponible'),
(1289, 'EVT-007', 3, 7, 3, 'Disponible'),
(1290, 'EVT-001', 3, 8, 3, 'Vendido'),
(1291, 'EVT-002', 3, 8, 3, 'Disponible'),
(1292, 'EVT-003', 3, 8, 3, 'Disponible'),
(1293, 'EVT-004', 3, 8, 3, 'Disponible'),
(1294, 'EVT-005', 3, 8, 3, 'Disponible'),
(1295, 'EVT-006', 3, 8, 3, 'Disponible'),
(1296, 'EVT-007', 3, 8, 3, 'Disponible'),
(1297, 'EVT-001', 3, 9, 3, 'Vendido'),
(1298, 'EVT-002', 3, 9, 3, 'Disponible'),
(1299, 'EVT-003', 3, 9, 3, 'Disponible'),
(1300, 'EVT-004', 3, 9, 3, 'Disponible'),
(1301, 'EVT-005', 3, 9, 3, 'Disponible'),
(1302, 'EVT-006', 3, 9, 3, 'Disponible'),
(1303, 'EVT-007', 3, 9, 3, 'Disponible'),
(1304, 'EVT-001', 1, 0, 4, 'Disponible'),
(1305, 'EVT-002', 1, 0, 4, 'Disponible'),
(1306, 'EVT-003', 1, 0, 4, 'Disponible'),
(1307, 'EVT-004', 1, 0, 4, 'Disponible'),
(1308, 'EVT-005', 1, 0, 4, 'Disponible'),
(1309, 'EVT-006', 1, 0, 4, 'Disponible'),
(1310, 'EVT-007', 1, 0, 4, 'Disponible'),
(1311, 'EVT-001', 1, 1, 4, 'Vendido'),
(1312, 'EVT-002', 1, 1, 4, 'Disponible'),
(1313, 'EVT-003', 1, 1, 4, 'Disponible'),
(1314, 'EVT-004', 1, 1, 4, 'Disponible'),
(1315, 'EVT-005', 1, 1, 4, 'Disponible'),
(1316, 'EVT-006', 1, 1, 4, 'Disponible'),
(1317, 'EVT-007', 1, 1, 4, 'Disponible'),
(1318, 'EVT-001', 2, 2, 4, 'Disponible'),
(1319, 'EVT-002', 2, 2, 4, 'Disponible'),
(1320, 'EVT-003', 2, 2, 4, 'Disponible'),
(1321, 'EVT-004', 2, 2, 4, 'Disponible'),
(1322, 'EVT-005', 2, 2, 4, 'Disponible'),
(1323, 'EVT-006', 2, 2, 4, 'Disponible'),
(1324, 'EVT-007', 2, 2, 4, 'Disponible'),
(1325, 'EVT-001', 2, 3, 4, 'Disponible'),
(1326, 'EVT-002', 2, 3, 4, 'Disponible'),
(1327, 'EVT-003', 2, 3, 4, 'Disponible'),
(1328, 'EVT-004', 2, 3, 4, 'Disponible'),
(1329, 'EVT-005', 2, 3, 4, 'Disponible'),
(1330, 'EVT-006', 2, 3, 4, 'Disponible'),
(1331, 'EVT-007', 2, 3, 4, 'Disponible'),
(1332, 'EVT-001', 2, 4, 4, 'Disponible'),
(1333, 'EVT-002', 2, 4, 4, 'Disponible'),
(1334, 'EVT-003', 2, 4, 4, 'Disponible'),
(1335, 'EVT-004', 2, 4, 4, 'Disponible'),
(1336, 'EVT-005', 2, 4, 4, 'Disponible'),
(1337, 'EVT-006', 2, 4, 4, 'Disponible'),
(1338, 'EVT-007', 2, 4, 4, 'Disponible'),
(1339, 'EVT-001', 3, 5, 4, 'Disponible'),
(1340, 'EVT-002', 3, 5, 4, 'Disponible'),
(1341, 'EVT-003', 3, 5, 4, 'Disponible'),
(1342, 'EVT-004', 3, 5, 4, 'Disponible'),
(1343, 'EVT-005', 3, 5, 4, 'Disponible'),
(1344, 'EVT-006', 3, 5, 4, 'Disponible'),
(1345, 'EVT-007', 3, 5, 4, 'Disponible'),
(1346, 'EVT-001', 3, 6, 4, 'Disponible'),
(1347, 'EVT-002', 3, 6, 4, 'Disponible'),
(1348, 'EVT-003', 3, 6, 4, 'Disponible'),
(1349, 'EVT-004', 3, 6, 4, 'Disponible'),
(1350, 'EVT-005', 3, 6, 4, 'Disponible'),
(1351, 'EVT-006', 3, 6, 4, 'Disponible'),
(1352, 'EVT-007', 3, 6, 4, 'Disponible'),
(1353, 'EVT-001', 3, 7, 4, 'Disponible'),
(1354, 'EVT-002', 3, 7, 4, 'Disponible'),
(1355, 'EVT-003', 3, 7, 4, 'Disponible'),
(1356, 'EVT-004', 3, 7, 4, 'Disponible'),
(1357, 'EVT-005', 3, 7, 4, 'Disponible'),
(1358, 'EVT-006', 3, 7, 4, 'Disponible'),
(1359, 'EVT-007', 3, 7, 4, 'Disponible'),
(1360, 'EVT-001', 3, 8, 4, 'Disponible'),
(1361, 'EVT-002', 3, 8, 4, 'Disponible'),
(1362, 'EVT-003', 3, 8, 4, 'Disponible'),
(1363, 'EVT-004', 3, 8, 4, 'Disponible'),
(1364, 'EVT-005', 3, 8, 4, 'Disponible'),
(1365, 'EVT-006', 3, 8, 4, 'Disponible'),
(1366, 'EVT-007', 3, 8, 4, 'Disponible'),
(1367, 'EVT-001', 3, 9, 4, 'Vendido'),
(1368, 'EVT-002', 3, 9, 4, 'Disponible'),
(1369, 'EVT-003', 3, 9, 4, 'Disponible'),
(1370, 'EVT-004', 3, 9, 4, 'Disponible'),
(1371, 'EVT-005', 3, 9, 4, 'Disponible'),
(1372, 'EVT-006', 3, 9, 4, 'Disponible'),
(1373, 'EVT-007', 3, 9, 4, 'Disponible'),
(1374, 'EVT-001', 1, 0, 5, 'Disponible'),
(1375, 'EVT-002', 1, 0, 5, 'Disponible'),
(1376, 'EVT-003', 1, 0, 5, 'Disponible'),
(1377, 'EVT-004', 1, 0, 5, 'Disponible'),
(1378, 'EVT-005', 1, 0, 5, 'Disponible'),
(1379, 'EVT-006', 1, 0, 5, 'Disponible'),
(1380, 'EVT-007', 1, 0, 5, 'Disponible'),
(1381, 'EVT-001', 1, 1, 5, 'Disponible'),
(1382, 'EVT-002', 1, 1, 5, 'Disponible'),
(1383, 'EVT-003', 1, 1, 5, 'Disponible'),
(1384, 'EVT-004', 1, 1, 5, 'Disponible'),
(1385, 'EVT-005', 1, 1, 5, 'Disponible'),
(1386, 'EVT-006', 1, 1, 5, 'Disponible'),
(1387, 'EVT-007', 1, 1, 5, 'Disponible'),
(1388, 'EVT-001', 2, 2, 5, 'Disponible'),
(1389, 'EVT-002', 2, 2, 5, 'Disponible'),
(1390, 'EVT-003', 2, 2, 5, 'Disponible'),
(1391, 'EVT-004', 2, 2, 5, 'Disponible'),
(1392, 'EVT-005', 2, 2, 5, 'Disponible'),
(1393, 'EVT-006', 2, 2, 5, 'Disponible'),
(1394, 'EVT-007', 2, 2, 5, 'Disponible'),
(1395, 'EVT-001', 2, 3, 5, 'Disponible'),
(1396, 'EVT-002', 2, 3, 5, 'Disponible'),
(1397, 'EVT-003', 2, 3, 5, 'Disponible'),
(1398, 'EVT-004', 2, 3, 5, 'Disponible'),
(1399, 'EVT-005', 2, 3, 5, 'Disponible'),
(1400, 'EVT-006', 2, 3, 5, 'Disponible'),
(1401, 'EVT-007', 2, 3, 5, 'Disponible'),
(1402, 'EVT-001', 2, 4, 5, 'Disponible'),
(1403, 'EVT-002', 2, 4, 5, 'Disponible'),
(1404, 'EVT-003', 2, 4, 5, 'Disponible'),
(1405, 'EVT-004', 2, 4, 5, 'Disponible'),
(1406, 'EVT-005', 2, 4, 5, 'Disponible'),
(1407, 'EVT-006', 2, 4, 5, 'Disponible'),
(1408, 'EVT-007', 2, 4, 5, 'Disponible'),
(1409, 'EVT-001', 3, 5, 5, 'Disponible'),
(1410, 'EVT-002', 3, 5, 5, 'Disponible'),
(1411, 'EVT-003', 3, 5, 5, 'Disponible'),
(1412, 'EVT-004', 3, 5, 5, 'Disponible'),
(1413, 'EVT-005', 3, 5, 5, 'Disponible'),
(1414, 'EVT-006', 3, 5, 5, 'Disponible'),
(1415, 'EVT-007', 3, 5, 5, 'Disponible'),
(1416, 'EVT-001', 3, 6, 5, 'Disponible'),
(1417, 'EVT-002', 3, 6, 5, 'Disponible'),
(1418, 'EVT-003', 3, 6, 5, 'Disponible'),
(1419, 'EVT-004', 3, 6, 5, 'Disponible'),
(1420, 'EVT-005', 3, 6, 5, 'Disponible'),
(1421, 'EVT-006', 3, 6, 5, 'Disponible'),
(1422, 'EVT-007', 3, 6, 5, 'Disponible'),
(1423, 'EVT-001', 3, 7, 5, 'Disponible'),
(1424, 'EVT-002', 3, 7, 5, 'Disponible'),
(1425, 'EVT-003', 3, 7, 5, 'Disponible'),
(1426, 'EVT-004', 3, 7, 5, 'Disponible'),
(1427, 'EVT-005', 3, 7, 5, 'Disponible'),
(1428, 'EVT-006', 3, 7, 5, 'Disponible'),
(1429, 'EVT-007', 3, 7, 5, 'Disponible'),
(1430, 'EVT-001', 3, 8, 5, 'Disponible'),
(1431, 'EVT-002', 3, 8, 5, 'Disponible'),
(1432, 'EVT-003', 3, 8, 5, 'Disponible'),
(1433, 'EVT-004', 3, 8, 5, 'Disponible'),
(1434, 'EVT-005', 3, 8, 5, 'Disponible'),
(1435, 'EVT-006', 3, 8, 5, 'Disponible'),
(1436, 'EVT-007', 3, 8, 5, 'Disponible'),
(1437, 'EVT-001', 3, 9, 5, 'Vendido'),
(1438, 'EVT-002', 3, 9, 5, 'Disponible'),
(1439, 'EVT-003', 3, 9, 5, 'Disponible'),
(1440, 'EVT-004', 3, 9, 5, 'Disponible'),
(1441, 'EVT-005', 3, 9, 5, 'Disponible'),
(1442, 'EVT-006', 3, 9, 5, 'Disponible'),
(1443, 'EVT-007', 3, 9, 5, 'Disponible'),
(1444, 'EVT-001', 1, 0, 6, 'Vendido'),
(1445, 'EVT-002', 1, 0, 6, 'Disponible'),
(1446, 'EVT-003', 1, 0, 6, 'Disponible'),
(1447, 'EVT-004', 1, 0, 6, 'Disponible'),
(1448, 'EVT-005', 1, 0, 6, 'Disponible'),
(1449, 'EVT-006', 1, 0, 6, 'Disponible'),
(1450, 'EVT-007', 1, 0, 6, 'Disponible'),
(1451, 'EVT-001', 1, 1, 6, 'Disponible'),
(1452, 'EVT-002', 1, 1, 6, 'Disponible'),
(1453, 'EVT-003', 1, 1, 6, 'Disponible'),
(1454, 'EVT-004', 1, 1, 6, 'Disponible'),
(1455, 'EVT-005', 1, 1, 6, 'Disponible'),
(1456, 'EVT-006', 1, 1, 6, 'Disponible'),
(1457, 'EVT-007', 1, 1, 6, 'Disponible'),
(1458, 'EVT-001', 2, 2, 6, 'Disponible'),
(1459, 'EVT-002', 2, 2, 6, 'Disponible'),
(1460, 'EVT-003', 2, 2, 6, 'Disponible'),
(1461, 'EVT-004', 2, 2, 6, 'Disponible'),
(1462, 'EVT-005', 2, 2, 6, 'Disponible'),
(1463, 'EVT-006', 2, 2, 6, 'Disponible'),
(1464, 'EVT-007', 2, 2, 6, 'Disponible'),
(1465, 'EVT-001', 2, 3, 6, 'Disponible'),
(1466, 'EVT-002', 2, 3, 6, 'Disponible'),
(1467, 'EVT-003', 2, 3, 6, 'Disponible'),
(1468, 'EVT-004', 2, 3, 6, 'Disponible'),
(1469, 'EVT-005', 2, 3, 6, 'Disponible'),
(1470, 'EVT-006', 2, 3, 6, 'Disponible'),
(1471, 'EVT-007', 2, 3, 6, 'Disponible'),
(1472, 'EVT-001', 2, 4, 6, 'Disponible'),
(1473, 'EVT-002', 2, 4, 6, 'Disponible'),
(1474, 'EVT-003', 2, 4, 6, 'Disponible'),
(1475, 'EVT-004', 2, 4, 6, 'Disponible'),
(1476, 'EVT-005', 2, 4, 6, 'Disponible'),
(1477, 'EVT-006', 2, 4, 6, 'Disponible'),
(1478, 'EVT-007', 2, 4, 6, 'Disponible'),
(1479, 'EVT-001', 3, 5, 6, 'Disponible'),
(1480, 'EVT-002', 3, 5, 6, 'Disponible'),
(1481, 'EVT-003', 3, 5, 6, 'Disponible'),
(1482, 'EVT-004', 3, 5, 6, 'Disponible'),
(1483, 'EVT-005', 3, 5, 6, 'Disponible'),
(1484, 'EVT-006', 3, 5, 6, 'Disponible'),
(1485, 'EVT-007', 3, 5, 6, 'Disponible'),
(1486, 'EVT-001', 3, 6, 6, 'Disponible'),
(1487, 'EVT-002', 3, 6, 6, 'Disponible'),
(1488, 'EVT-003', 3, 6, 6, 'Disponible'),
(1489, 'EVT-004', 3, 6, 6, 'Disponible'),
(1490, 'EVT-005', 3, 6, 6, 'Disponible'),
(1491, 'EVT-006', 3, 6, 6, 'Disponible'),
(1492, 'EVT-007', 3, 6, 6, 'Disponible'),
(1493, 'EVT-001', 3, 7, 6, 'Disponible'),
(1494, 'EVT-002', 3, 7, 6, 'Disponible'),
(1495, 'EVT-003', 3, 7, 6, 'Disponible'),
(1496, 'EVT-004', 3, 7, 6, 'Disponible'),
(1497, 'EVT-005', 3, 7, 6, 'Disponible'),
(1498, 'EVT-006', 3, 7, 6, 'Disponible'),
(1499, 'EVT-007', 3, 7, 6, 'Disponible'),
(1500, 'EVT-001', 3, 8, 6, 'Disponible'),
(1501, 'EVT-002', 3, 8, 6, 'Disponible'),
(1502, 'EVT-003', 3, 8, 6, 'Disponible'),
(1503, 'EVT-004', 3, 8, 6, 'Disponible'),
(1504, 'EVT-005', 3, 8, 6, 'Disponible'),
(1505, 'EVT-006', 3, 8, 6, 'Disponible'),
(1506, 'EVT-007', 3, 8, 6, 'Disponible'),
(1507, 'EVT-001', 3, 9, 6, 'Disponible'),
(1508, 'EVT-002', 3, 9, 6, 'Disponible'),
(1509, 'EVT-003', 3, 9, 6, 'Disponible'),
(1510, 'EVT-004', 3, 9, 6, 'Disponible'),
(1511, 'EVT-005', 3, 9, 6, 'Disponible'),
(1512, 'EVT-006', 3, 9, 6, 'Disponible'),
(1513, 'EVT-007', 3, 9, 6, 'Disponible'),
(1514, 'EVT-001', 1, 0, 7, 'Vendido'),
(1515, 'EVT-002', 1, 0, 7, 'Disponible'),
(1516, 'EVT-003', 1, 0, 7, 'Disponible'),
(1517, 'EVT-004', 1, 0, 7, 'Disponible'),
(1518, 'EVT-005', 1, 0, 7, 'Disponible'),
(1519, 'EVT-006', 1, 0, 7, 'Disponible'),
(1520, 'EVT-007', 1, 0, 7, 'Disponible'),
(1521, 'EVT-001', 1, 1, 7, 'Disponible'),
(1522, 'EVT-002', 1, 1, 7, 'Disponible'),
(1523, 'EVT-003', 1, 1, 7, 'Disponible'),
(1524, 'EVT-004', 1, 1, 7, 'Disponible'),
(1525, 'EVT-005', 1, 1, 7, 'Disponible'),
(1526, 'EVT-006', 1, 1, 7, 'Disponible'),
(1527, 'EVT-007', 1, 1, 7, 'Disponible'),
(1528, 'EVT-001', 2, 2, 7, 'Disponible'),
(1529, 'EVT-002', 2, 2, 7, 'Disponible'),
(1530, 'EVT-003', 2, 2, 7, 'Disponible'),
(1531, 'EVT-004', 2, 2, 7, 'Disponible'),
(1532, 'EVT-005', 2, 2, 7, 'Disponible'),
(1533, 'EVT-006', 2, 2, 7, 'Disponible'),
(1534, 'EVT-007', 2, 2, 7, 'Disponible'),
(1535, 'EVT-001', 2, 3, 7, 'Disponible'),
(1536, 'EVT-002', 2, 3, 7, 'Disponible'),
(1537, 'EVT-003', 2, 3, 7, 'Disponible'),
(1538, 'EVT-004', 2, 3, 7, 'Disponible'),
(1539, 'EVT-005', 2, 3, 7, 'Disponible'),
(1540, 'EVT-006', 2, 3, 7, 'Disponible'),
(1541, 'EVT-007', 2, 3, 7, 'Disponible'),
(1542, 'EVT-001', 2, 4, 7, 'Disponible'),
(1543, 'EVT-002', 2, 4, 7, 'Disponible'),
(1544, 'EVT-003', 2, 4, 7, 'Disponible'),
(1545, 'EVT-004', 2, 4, 7, 'Disponible'),
(1546, 'EVT-005', 2, 4, 7, 'Disponible'),
(1547, 'EVT-006', 2, 4, 7, 'Disponible'),
(1548, 'EVT-007', 2, 4, 7, 'Disponible'),
(1549, 'EVT-001', 3, 5, 7, 'Disponible'),
(1550, 'EVT-002', 3, 5, 7, 'Disponible'),
(1551, 'EVT-003', 3, 5, 7, 'Disponible'),
(1552, 'EVT-004', 3, 5, 7, 'Disponible'),
(1553, 'EVT-005', 3, 5, 7, 'Disponible'),
(1554, 'EVT-006', 3, 5, 7, 'Disponible'),
(1555, 'EVT-007', 3, 5, 7, 'Disponible'),
(1556, 'EVT-001', 3, 6, 7, 'Disponible'),
(1557, 'EVT-002', 3, 6, 7, 'Disponible'),
(1558, 'EVT-003', 3, 6, 7, 'Disponible'),
(1559, 'EVT-004', 3, 6, 7, 'Disponible'),
(1560, 'EVT-005', 3, 6, 7, 'Disponible'),
(1561, 'EVT-006', 3, 6, 7, 'Disponible'),
(1562, 'EVT-007', 3, 6, 7, 'Disponible'),
(1563, 'EVT-001', 3, 7, 7, 'Disponible'),
(1564, 'EVT-002', 3, 7, 7, 'Disponible'),
(1565, 'EVT-003', 3, 7, 7, 'Disponible'),
(1566, 'EVT-004', 3, 7, 7, 'Disponible'),
(1567, 'EVT-005', 3, 7, 7, 'Disponible'),
(1568, 'EVT-006', 3, 7, 7, 'Disponible'),
(1569, 'EVT-007', 3, 7, 7, 'Disponible'),
(1570, 'EVT-001', 3, 8, 7, 'Disponible'),
(1571, 'EVT-002', 3, 8, 7, 'Disponible'),
(1572, 'EVT-003', 3, 8, 7, 'Disponible'),
(1573, 'EVT-004', 3, 8, 7, 'Disponible'),
(1574, 'EVT-005', 3, 8, 7, 'Disponible'),
(1575, 'EVT-006', 3, 8, 7, 'Disponible'),
(1576, 'EVT-007', 3, 8, 7, 'Disponible'),
(1577, 'EVT-001', 3, 9, 7, 'Disponible'),
(1578, 'EVT-002', 3, 9, 7, 'Disponible'),
(1579, 'EVT-003', 3, 9, 7, 'Disponible'),
(1580, 'EVT-004', 3, 9, 7, 'Disponible'),
(1581, 'EVT-005', 3, 9, 7, 'Disponible'),
(1582, 'EVT-006', 3, 9, 7, 'Disponible'),
(1583, 'EVT-007', 3, 9, 7, 'Disponible'),
(1584, 'EVT-001', 1, 0, 8, 'Vendido'),
(1585, 'EVT-002', 1, 0, 8, 'Disponible'),
(1586, 'EVT-003', 1, 0, 8, 'Disponible'),
(1587, 'EVT-004', 1, 0, 8, 'Disponible'),
(1588, 'EVT-005', 1, 0, 8, 'Disponible'),
(1589, 'EVT-006', 1, 0, 8, 'Disponible'),
(1590, 'EVT-007', 1, 0, 8, 'Disponible'),
(1591, 'EVT-001', 1, 1, 8, 'Disponible'),
(1592, 'EVT-002', 1, 1, 8, 'Disponible');
INSERT INTO `Asientos` (`id_asiento`, `id_evento`, `id_categoria`, `fila`, `columna`, `estado`) VALUES
(1593, 'EVT-003', 1, 1, 8, 'Disponible'),
(1594, 'EVT-004', 1, 1, 8, 'Disponible'),
(1595, 'EVT-005', 1, 1, 8, 'Disponible'),
(1596, 'EVT-006', 1, 1, 8, 'Disponible'),
(1597, 'EVT-007', 1, 1, 8, 'Disponible'),
(1598, 'EVT-001', 2, 2, 8, 'Disponible'),
(1599, 'EVT-002', 2, 2, 8, 'Disponible'),
(1600, 'EVT-003', 2, 2, 8, 'Disponible'),
(1601, 'EVT-004', 2, 2, 8, 'Disponible'),
(1602, 'EVT-005', 2, 2, 8, 'Disponible'),
(1603, 'EVT-006', 2, 2, 8, 'Disponible'),
(1604, 'EVT-007', 2, 2, 8, 'Disponible'),
(1605, 'EVT-001', 2, 3, 8, 'Disponible'),
(1606, 'EVT-002', 2, 3, 8, 'Disponible'),
(1607, 'EVT-003', 2, 3, 8, 'Disponible'),
(1608, 'EVT-004', 2, 3, 8, 'Disponible'),
(1609, 'EVT-005', 2, 3, 8, 'Disponible'),
(1610, 'EVT-006', 2, 3, 8, 'Disponible'),
(1611, 'EVT-007', 2, 3, 8, 'Disponible'),
(1612, 'EVT-001', 2, 4, 8, 'Disponible'),
(1613, 'EVT-002', 2, 4, 8, 'Disponible'),
(1614, 'EVT-003', 2, 4, 8, 'Disponible'),
(1615, 'EVT-004', 2, 4, 8, 'Disponible'),
(1616, 'EVT-005', 2, 4, 8, 'Disponible'),
(1617, 'EVT-006', 2, 4, 8, 'Disponible'),
(1618, 'EVT-007', 2, 4, 8, 'Disponible'),
(1619, 'EVT-001', 3, 5, 8, 'Disponible'),
(1620, 'EVT-002', 3, 5, 8, 'Disponible'),
(1621, 'EVT-003', 3, 5, 8, 'Disponible'),
(1622, 'EVT-004', 3, 5, 8, 'Disponible'),
(1623, 'EVT-005', 3, 5, 8, 'Disponible'),
(1624, 'EVT-006', 3, 5, 8, 'Disponible'),
(1625, 'EVT-007', 3, 5, 8, 'Disponible'),
(1626, 'EVT-001', 3, 6, 8, 'Disponible'),
(1627, 'EVT-002', 3, 6, 8, 'Disponible'),
(1628, 'EVT-003', 3, 6, 8, 'Disponible'),
(1629, 'EVT-004', 3, 6, 8, 'Disponible'),
(1630, 'EVT-005', 3, 6, 8, 'Disponible'),
(1631, 'EVT-006', 3, 6, 8, 'Disponible'),
(1632, 'EVT-007', 3, 6, 8, 'Disponible'),
(1633, 'EVT-001', 3, 7, 8, 'Disponible'),
(1634, 'EVT-002', 3, 7, 8, 'Disponible'),
(1635, 'EVT-003', 3, 7, 8, 'Disponible'),
(1636, 'EVT-004', 3, 7, 8, 'Disponible'),
(1637, 'EVT-005', 3, 7, 8, 'Disponible'),
(1638, 'EVT-006', 3, 7, 8, 'Disponible'),
(1639, 'EVT-007', 3, 7, 8, 'Disponible'),
(1640, 'EVT-001', 3, 8, 8, 'Disponible'),
(1641, 'EVT-002', 3, 8, 8, 'Disponible'),
(1642, 'EVT-003', 3, 8, 8, 'Disponible'),
(1643, 'EVT-004', 3, 8, 8, 'Disponible'),
(1644, 'EVT-005', 3, 8, 8, 'Disponible'),
(1645, 'EVT-006', 3, 8, 8, 'Disponible'),
(1646, 'EVT-007', 3, 8, 8, 'Disponible'),
(1647, 'EVT-001', 3, 9, 8, 'Disponible'),
(1648, 'EVT-002', 3, 9, 8, 'Disponible'),
(1649, 'EVT-003', 3, 9, 8, 'Disponible'),
(1650, 'EVT-004', 3, 9, 8, 'Disponible'),
(1651, 'EVT-005', 3, 9, 8, 'Disponible'),
(1652, 'EVT-006', 3, 9, 8, 'Disponible'),
(1653, 'EVT-007', 3, 9, 8, 'Disponible'),
(1654, 'EVT-001', 1, 0, 9, 'Vendido'),
(1655, 'EVT-002', 1, 0, 9, 'Disponible'),
(1656, 'EVT-003', 1, 0, 9, 'Disponible'),
(1657, 'EVT-004', 1, 0, 9, 'Disponible'),
(1658, 'EVT-005', 1, 0, 9, 'Disponible'),
(1659, 'EVT-006', 1, 0, 9, 'Disponible'),
(1660, 'EVT-007', 1, 0, 9, 'Disponible'),
(1661, 'EVT-001', 1, 1, 9, 'Disponible'),
(1662, 'EVT-002', 1, 1, 9, 'Disponible'),
(1663, 'EVT-003', 1, 1, 9, 'Disponible'),
(1664, 'EVT-004', 1, 1, 9, 'Disponible'),
(1665, 'EVT-005', 1, 1, 9, 'Disponible'),
(1666, 'EVT-006', 1, 1, 9, 'Disponible'),
(1667, 'EVT-007', 1, 1, 9, 'Disponible'),
(1668, 'EVT-001', 2, 2, 9, 'Disponible'),
(1669, 'EVT-002', 2, 2, 9, 'Disponible'),
(1670, 'EVT-003', 2, 2, 9, 'Disponible'),
(1671, 'EVT-004', 2, 2, 9, 'Disponible'),
(1672, 'EVT-005', 2, 2, 9, 'Disponible'),
(1673, 'EVT-006', 2, 2, 9, 'Disponible'),
(1674, 'EVT-007', 2, 2, 9, 'Disponible'),
(1675, 'EVT-001', 2, 3, 9, 'Disponible'),
(1676, 'EVT-002', 2, 3, 9, 'Disponible'),
(1677, 'EVT-003', 2, 3, 9, 'Disponible'),
(1678, 'EVT-004', 2, 3, 9, 'Disponible'),
(1679, 'EVT-005', 2, 3, 9, 'Disponible'),
(1680, 'EVT-006', 2, 3, 9, 'Disponible'),
(1681, 'EVT-007', 2, 3, 9, 'Disponible'),
(1682, 'EVT-001', 2, 4, 9, 'Disponible'),
(1683, 'EVT-002', 2, 4, 9, 'Disponible'),
(1684, 'EVT-003', 2, 4, 9, 'Disponible'),
(1685, 'EVT-004', 2, 4, 9, 'Disponible'),
(1686, 'EVT-005', 2, 4, 9, 'Disponible'),
(1687, 'EVT-006', 2, 4, 9, 'Disponible'),
(1688, 'EVT-007', 2, 4, 9, 'Disponible'),
(1689, 'EVT-001', 3, 5, 9, 'Vendido'),
(1690, 'EVT-002', 3, 5, 9, 'Disponible'),
(1691, 'EVT-003', 3, 5, 9, 'Disponible'),
(1692, 'EVT-004', 3, 5, 9, 'Disponible'),
(1693, 'EVT-005', 3, 5, 9, 'Disponible'),
(1694, 'EVT-006', 3, 5, 9, 'Disponible'),
(1695, 'EVT-007', 3, 5, 9, 'Disponible'),
(1696, 'EVT-001', 3, 6, 9, 'Vendido'),
(1697, 'EVT-002', 3, 6, 9, 'Disponible'),
(1698, 'EVT-003', 3, 6, 9, 'Disponible'),
(1699, 'EVT-004', 3, 6, 9, 'Disponible'),
(1700, 'EVT-005', 3, 6, 9, 'Disponible'),
(1701, 'EVT-006', 3, 6, 9, 'Disponible'),
(1702, 'EVT-007', 3, 6, 9, 'Disponible'),
(1703, 'EVT-001', 3, 7, 9, 'Vendido'),
(1704, 'EVT-002', 3, 7, 9, 'Disponible'),
(1705, 'EVT-003', 3, 7, 9, 'Disponible'),
(1706, 'EVT-004', 3, 7, 9, 'Disponible'),
(1707, 'EVT-005', 3, 7, 9, 'Disponible'),
(1708, 'EVT-006', 3, 7, 9, 'Disponible'),
(1709, 'EVT-007', 3, 7, 9, 'Disponible'),
(1710, 'EVT-001', 3, 8, 9, 'Vendido'),
(1711, 'EVT-002', 3, 8, 9, 'Disponible'),
(1712, 'EVT-003', 3, 8, 9, 'Disponible'),
(1713, 'EVT-004', 3, 8, 9, 'Disponible'),
(1714, 'EVT-005', 3, 8, 9, 'Disponible'),
(1715, 'EVT-006', 3, 8, 9, 'Disponible'),
(1716, 'EVT-007', 3, 8, 9, 'Disponible'),
(1717, 'EVT-001', 3, 9, 9, 'Vendido'),
(1718, 'EVT-002', 3, 9, 9, 'Disponible'),
(1719, 'EVT-003', 3, 9, 9, 'Disponible'),
(1720, 'EVT-004', 3, 9, 9, 'Disponible'),
(1721, 'EVT-005', 3, 9, 9, 'Disponible'),
(1722, 'EVT-006', 3, 9, 9, 'Disponible'),
(1723, 'EVT-007', 3, 9, 9, 'Disponible');

-- --------------------------------------------------------

--
-- Estructura de tabla para la tabla `boletos_vendidos`
--

CREATE TABLE `boletos_vendidos` (
  `id` int(11) NOT NULL,
  `reporte_id` bigint(20) DEFAULT NULL,
  `boleto_id` varchar(50) DEFAULT NULL
) ENGINE=InnoDB DEFAULT CHARSET=utf8mb4 COLLATE=utf8mb4_general_ci;

--
-- Volcado de datos para la tabla `boletos_vendidos`
--

INSERT INTO `boletos_vendidos` (`id`, `reporte_id`, `boleto_id`) VALUES
(1, 7, 'A29A7DF4'),
(2, 8, 'E738610C'),
(3, 9, 'EA83C2B1'),
(4, 10, '621F33A7'),
(5, 11, '7B09906D'),
(6, 11, '7536210F'),
(7, 12, 'AEBDB37E'),
(8, 12, 'FFF67328'),
(9, 18, '40BEDF6B'),
(10, 19, '5B448795'),
(11, 20, 'CFE22620'),
(12, 21, '0B1D18FA'),
(13, 22, 'B4B7A70C'),
(14, 23, 'D9CC60A0'),
(17, 26, 'EE2CE8EF'),
(18, 27, '7037BB5F'),
(19, 28, 'D8FA304E'),
(20, 28, '32DD7FA0'),
(21, 29, '3D44D48E'),
(22, 29, '49B99D66'),
(23, 29, '39B6E623'),
(24, 29, '16170E87'),
(25, 30, '8DB3C6EE');

-- --------------------------------------------------------

--
-- Estructura de tabla para la tabla `Categorias`
--

CREATE TABLE `Categorias` (
  `id_categoria` int(11) NOT NULL,
  `nombre` varchar(50) NOT NULL,
  `precio` decimal(10,2) NOT NULL
) ENGINE=InnoDB DEFAULT CHARSET=utf8mb4 COLLATE=utf8mb4_general_ci;

--
-- Volcado de datos para la tabla `Categorias`
--

INSERT INTO `Categorias` (`id_categoria`, `nombre`, `precio`) VALUES
(1, 'VIP', 1.00),
(2, 'Preferencial', 800.00),
(3, 'General', 400.00);

-- --------------------------------------------------------

--
-- Estructura de tabla para la tabla `Eventos`
--

CREATE TABLE `Eventos` (
  `id_evento` varchar(50) NOT NULL,
  `nombre` varchar(100) NOT NULL,
  `fecha` datetime NOT NULL
) ENGINE=InnoDB DEFAULT CHARSET=utf8mb4 COLLATE=utf8mb4_general_ci;

--
-- Volcado de datos para la tabla `Eventos`
--

INSERT INTO `Eventos` (`id_evento`, `nombre`, `fecha`) VALUES
('EVT-001', 'Nemesio Diez Toluca vs Chivas', '2026-05-27 19:00:00'),
('EVT-002', 'BTS Arirang Tour', '2026-05-07 20:00:00'),
('EVT-003', 'Global E-Sports Finals', '2026-10-30 18:30:00'),
('EVT-004', 'Autumn Symphony Gala', '2026-10-28 19:00:00'),
('EVT-005', 'Taylor Swift: The Eras Tour', '2026-11-02 21:00:00'),
('EVT-006', 'City Tennis Masters', '2026-11-05 10:00:00'),
('EVT-007', 'Global Flavor Expo', '2026-11-07 12:00:00');

-- --------------------------------------------------------

--
-- Estructura de tabla para la tabla `reportes_venta`
--

CREATE TABLE `reportes_venta` (
  `id` int(11) NOT NULL,
  `fecha_hora` datetime DEFAULT NULL,
  `categoria` varchar(50) DEFAULT NULL,
  `cantidad_boletos` int(11) DEFAULT NULL,
  `total_generado` double DEFAULT NULL,
  `evento_id` varchar(50) DEFAULT NULL
) ENGINE=InnoDB DEFAULT CHARSET=utf8mb4 COLLATE=utf8mb4_general_ci;

--
-- Volcado de datos para la tabla `reportes_venta`
--

INSERT INTO `reportes_venta` (`id`, `fecha_hora`, `categoria`, `cantidad_boletos`, `total_generado`, `evento_id`) VALUES
(26, '2026-05-02 23:21:19', 'VIP', 1, 9999999, 'EVT-001'),
(27, '2026-05-03 16:34:19', 'VIP', 1, 9999999, 'EVT-001'),
(28, '2026-05-03 16:36:36', 'VIP', 2, 2, 'EVT-001'),
(29, '2026-05-03 18:06:40', 'GENERAL', 4, 1600, 'EVT-001'),
(30, '2026-05-03 18:09:48', 'VIP', 1, 1, 'EVT-001');

-- --------------------------------------------------------

--
-- Estructura de tabla para la tabla `Usuarios`
--

CREATE TABLE `Usuarios` (
  `id` int(11) NOT NULL,
  `nombre_usuario` varchar(50) NOT NULL,
  `password` varchar(255) NOT NULL,
  `rol` enum('USUARIO','ADMIN') DEFAULT 'USUARIO'
) ENGINE=InnoDB DEFAULT CHARSET=utf8mb4 COLLATE=utf8mb4_general_ci;

--
-- Volcado de datos para la tabla `Usuarios`
--

INSERT INTO `Usuarios` (`id`, `nombre_usuario`, `password`, `rol`) VALUES
(1, 'Admin', '123', 'ADMIN');

--
-- Índices para tablas volcadas
--

--
-- Indices de la tabla `Asientos`
--
ALTER TABLE `Asientos`
  ADD PRIMARY KEY (`id_asiento`),
  ADD KEY `id_categoria` (`id_categoria`),
  ADD KEY `asientos_ibfk_1` (`id_evento`);

--
-- Indices de la tabla `boletos_vendidos`
--
ALTER TABLE `boletos_vendidos`
  ADD PRIMARY KEY (`id`);

--
-- Indices de la tabla `Categorias`
--
ALTER TABLE `Categorias`
  ADD PRIMARY KEY (`id_categoria`);

--
-- Indices de la tabla `Eventos`
--
ALTER TABLE `Eventos`
  ADD PRIMARY KEY (`id_evento`);

--
-- Indices de la tabla `reportes_venta`
--
ALTER TABLE `reportes_venta`
  ADD PRIMARY KEY (`id`);

--
-- Indices de la tabla `Usuarios`
--
ALTER TABLE `Usuarios`
  ADD PRIMARY KEY (`id`),
  ADD UNIQUE KEY `nombre_usuario` (`nombre_usuario`);

--
-- AUTO_INCREMENT de las tablas volcadas
--

--
-- AUTO_INCREMENT de la tabla `Asientos`
--
ALTER TABLE `Asientos`
  MODIFY `id_asiento` int(11) NOT NULL AUTO_INCREMENT, AUTO_INCREMENT=1724;

--
-- AUTO_INCREMENT de la tabla `boletos_vendidos`
--
ALTER TABLE `boletos_vendidos`
  MODIFY `id` int(11) NOT NULL AUTO_INCREMENT, AUTO_INCREMENT=26;

--
-- AUTO_INCREMENT de la tabla `Categorias`
--
ALTER TABLE `Categorias`
  MODIFY `id_categoria` int(11) NOT NULL AUTO_INCREMENT, AUTO_INCREMENT=4;

--
-- AUTO_INCREMENT de la tabla `reportes_venta`
--
ALTER TABLE `reportes_venta`
  MODIFY `id` int(11) NOT NULL AUTO_INCREMENT, AUTO_INCREMENT=31;

--
-- AUTO_INCREMENT de la tabla `Usuarios`
--
ALTER TABLE `Usuarios`
  MODIFY `id` int(11) NOT NULL AUTO_INCREMENT, AUTO_INCREMENT=2;

--
-- Restricciones para tablas volcadas
--

--
-- Filtros para la tabla `Asientos`
--
ALTER TABLE `Asientos`
  ADD CONSTRAINT `asientos_ibfk_1` FOREIGN KEY (`id_evento`) REFERENCES `Eventos` (`id_evento`),
  ADD CONSTRAINT `asientos_ibfk_2` FOREIGN KEY (`id_categoria`) REFERENCES `Categorias` (`id_categoria`);
COMMIT;

/*!40101 SET CHARACTER_SET_CLIENT=@OLD_CHARACTER_SET_CLIENT */;
/*!40101 SET CHARACTER_SET_RESULTS=@OLD_CHARACTER_SET_RESULTS */;
/*!40101 SET COLLATION_CONNECTION=@OLD_COLLATION_CONNECTION */;
